-- MySQL dump 10.13  Distrib 5.5.27, for Win64 (x86)
--
-- Host: localhost    Database: jobtitle
-- ------------------------------------------------------
-- Server version	5.5.27

/*!40101 SET @OLD_CHARACTER_SET_CLIENT=@@CHARACTER_SET_CLIENT */;
/*!40101 SET @OLD_CHARACTER_SET_RESULTS=@@CHARACTER_SET_RESULTS */;
/*!40101 SET @OLD_COLLATION_CONNECTION=@@COLLATION_CONNECTION */;
/*!40101 SET NAMES utf8 */;
/*!40103 SET @OLD_TIME_ZONE=@@TIME_ZONE */;
/*!40103 SET TIME_ZONE='+00:00' */;
/*!40014 SET @OLD_UNIQUE_CHECKS=@@UNIQUE_CHECKS, UNIQUE_CHECKS=0 */;
/*!40014 SET @OLD_FOREIGN_KEY_CHECKS=@@FOREIGN_KEY_CHECKS, FOREIGN_KEY_CHECKS=0 */;
/*!40101 SET @OLD_SQL_MODE=@@SQL_MODE, SQL_MODE='NO_AUTO_VALUE_ON_ZERO' */;
/*!40111 SET @OLD_SQL_NOTES=@@SQL_NOTES, SQL_NOTES=0 */;

--
-- Table structure for table `article`
--

DROP TABLE IF EXISTS `article`;
/*!40101 SET @saved_cs_client     = @@character_set_client */;
/*!40101 SET character_set_client = utf8 */;
CREATE TABLE `article` (
  `Id` int(11) NOT NULL AUTO_INCREMENT COMMENT '文章ID',
  `Title` varchar(200) DEFAULT NULL COMMENT '标题',
  `Author` varchar(20) DEFAULT NULL COMMENT '作者',
  `Content` longtext COMMENT '内容',
  `hits` int(11) DEFAULT NULL COMMENT '点击次数',
  `Article_category` varchar(20) DEFAULT NULL COMMENT '文章类型',
  `Img_Url` varchar(200) DEFAULT NULL COMMENT '图片地址',
  `Is_top` char(1) DEFAULT NULL COMMENT '是否置顶',
  `Is_publication` char(1) DEFAULT NULL COMMENT '是否发布',
  `Is_Commend` char(1) DEFAULT NULL COMMENT '是否推荐',
  `Create_User_ID` varchar(20) DEFAULT NULL COMMENT '创建人',
  `Create_Date_Time` date DEFAULT NULL COMMENT '创建时间',
  `Modify_User_ID` varchar(20) DEFAULT NULL COMMENT '最后修改人',
  `Modify_Date_Time` date DEFAULT NULL COMMENT '最后修改时间',
  `Delete_Flag` char(1) DEFAULT NULL COMMENT '删除标记（1有效、2无效）',
  PRIMARY KEY (`Id`)
) ENGINE=InnoDB AUTO_INCREMENT=24 DEFAULT CHARSET=utf8;
/*!40101 SET character_set_client = @saved_cs_client */;

--
-- Dumping data for table `article`
--

LOCK TABLES `article` WRITE;
/*!40000 ALTER TABLE `article` DISABLE KEYS */;
INSERT INTO `article` VALUES (1,'2013年评审政策','','<p>　　复旦大学历来重视教学文化的培育和传承。2000年，学校在教务处设立了教学研究办公室，通过教学研究和服务提升教师教学能力，提高学校人才培养的质量。同年，现代教育技术中心成立，致力于构筑学校数字信息化教学体系，引导教师将信息化教学与传统教学融为一体，以更丰富和生动的教学手段提升教学质量。2011年，以这两个具有十多年发展历史的机构为主体，学校正式成立复旦大学教学促进中心（2012年更名为复旦大学教师教学发展中心），并确立了其功能定位：以科学研究为支撑，以提供培训服务、科学评估、资源共享为主要工作内容，促进研究型、创新型教学模式的培育，促进大学教学研究的精细化，促进全校跨学科教师学习共同体的构建, 促进教育质量的全面管理。中心成立以来，取得的主要成果包括：</p><p>　　<strong>1.以通识教育为载体，推进研讨性教学理念</strong></p><p>　　2005年，复旦大学成立了复旦学院全面实施通识教育，同时成立了通识教育研究中心，加强对核心课程的顶层设计，让不同专业大类的学生能够修读更适合自身发展的核心课程；2006年起，以通识教育为载体，学校大力倡导研讨性教学，在教学过程中培养学生探索科学的精神，激活学生探索与创新的兴趣，使之能够灵活运用从不同课程中学到的知识去解决现实中的问题。</p><p>　　目前，教师教学发展中心已培育形成了一系列具有品牌效应的研讨性课程。如上海市高校教学名师、国际关系与公共事务学院浦兴祖教授的“当代中国政治制度”课程；国家级教学名师、中国语言文学系陈思和教授的“中国现代文学名著选读”课程；物理系的“设计性研究性物理实验”课程和上海医学院的“人体寄生虫学”课程等。这些课程的教学特点是：将科学探究和教学内容有机结合，在教学理念、教学内容和教学方法上尝试创新，并通过丰富的网络资源将课堂教学延伸至课外自主学习活动中。</p><p>　　为了更好地落实研讨性教学理念，中心致力于倡导和推广小班化教学，满足学生的个性化培养要求。2010年起，以教学岗位设置为契机，在资源配置上对小班化教学予以倾斜，极大地调动了教学单位和教师的教学积极性。截至2011年，学校本科教学班级6人以下规模的课程达300门次；30人以下规模的课程达到课程总量的50%以上。</p><p>　　<strong>2.以国际化能力为目标，开展国际课程教学的探索</strong></p><p>　　在探索国际化和全球化背景下人才培养模式的过程中，复旦大学坚持将提升人才国际化水平与本地化培养结合起来，让学生在成长道路上能立足国家发展的战略需要，以国际化的视野提升自身的综合素质，适应未来学科的发展与挑战。</p><p>　　国际课程建设是国际化办学的重要组成部分。复旦大学一直坚持国际化的人才培养要求，积极推动国际课程建设。自2008年起，学校全面鼓励教师根据国际学生和本土学生的不同需求，开设全外语课程。面向国际学生的全外语课程承担着文化传播的重要使命，主要着眼于中国历史、经济、社会及文化等内容，旨在弘扬中国传统文化，展现当今中国风貌，引导国外青年了解真实中国，促进不同文化间的相互尊重和互相认同。面向本土学生的全外语课程则在借鉴国外先进教育理念和教学方法的基础上，传授专业知识和技能，拓展学生的学术视野和科研潜质。在具体实施过程中，所有全外语课程资源均向全校学生开放，中外学生可同堂学习、讨论、合作，在不同文化的碰撞和融合中获得解决问题的能力。</p><p>　　2009年，在原有全外语课程基础上，学校形成了适合海外学生修读的全外语课程体系，包括四大课程模块，涉及近百种全外语课程。</p><p>　　2011年，复旦大学教师教学发展中心共组织开设165种全外语课程。在拉动全外语课程数量增长的同时，中心制定了全外语课程质量管理办法和评估指标，并将全外语课程建设纳入到全校本科教学团队建设中，确保课程的内涵建设和梯队构筑。</p><p>　　2012年，中心进一步推出暑期国际项目，来自剑桥、斯坦福、多伦多大学等60所世界名校的100多位国际学生参加了本次项目。该项目为期5周，所有13门课程均由复旦在职优秀教师开设。它向海外学生提供一次充分了解中国、体验上海、融入复旦校园生活的机会，获得了国际学生的一致好评（满意度达到90%以上），也证实了复旦长期致力于国际化课程建设的成效。</p><p>　　基于复旦大学长期在国际化课程建设的发展策略及实施情况，中心成员王颖研究员主持的“复旦本科课程国际化的双向性研究：路径与策略”获得了2012年上海高校本科重点改革项目的立项。</p><p>　　<strong>3.以制度建设为抓手，建立常态化的教学评估和激励机制</strong></p><p>　　自1999年起，学校全面实施每学期学生网上评教制度，覆盖全部本科课程，评估指标涉及：教学实施、教学态度、教学能力、教学方法与手段、教学效果等方面。评估结果及时反馈给各位教师，并作为院系对教师年度绩效考核的依据。学生评教得分居前列的教师在院系获得表彰和奖励。而学生评教得分居末位的教师，由院系党政领导和督导进行听课跟踪，帮助查找原因，促进整改。为了把学生评教最大程度地与促进教师教学态度转化、提升教学专业能力结合起来，中心成员丁妍副研究员主持开展了复旦本科教改重点项目——“关于改良学生评教指标体系的课题研究”，对目前国内外知名研究型大学的学生评教指标进行了综合调查分析，并结合我校教学实际及11年的学生评教经验，完成具有复旦特色的学生评教指标设计。</p><p>　　中心联手党委宣传部连续对多个学期评估优秀、受学生欢迎的教师进行约稿采访，宣传推广优秀教学经验、方法以及本科教学理念。来自不同学科的7位教师在《复旦》校刊的“本科教学经验谈”专栏上发表系列文章：《只有喜欢教师身份，才能真正上心》、《思政课原来可以如此有趣》、《魅“丽”英语，“安”学乐业》、《教会学生如何运用知识》、《化枯燥为灵动的三十三年》、《将“真善美”镶进青春纪念册》、《无他，唯投入而已》。</p><p>　　中心与人事处联合推出教师教学工作规定，在对教师专业技术职务的受聘、晋升和转聘工作中，强化对其本科教学工作的要求，巩固本科教学的中心地位，使教学能力的提升成为教师职业发展的自觉意识和必然追求。</p><p>　　中心每年举办全校青年教师教学比赛，为广大青年教师钻研教学技能，提高业务素质和教学能力搭建平台。通过对参赛教师的教案、教学录像、现场教学等多个环节的评审，最终文、理、医和公共教学四大门类优秀教师。教学比赛为青年教师提供了一个对自身教学进行总结和反思的机会，在竞争性的比赛中，发掘自我潜力，反省缺陷问题。《复旦青年》、《解放日报》、《新闻晨报》、东方网、腾讯网等多家媒体对赛事进行了报道，有力地推动了以教学为荣、以学生为本的教学学术文化的发展。</p><p>　　<strong>4.以教学研究为视角，强化教师教学能力发展的内动力</strong></p><p>　　在教学研究方面，中心坚持教学学术理念，以扶持、孵化教学研究成果为己任，积极引领并支持教师立足学校教学改革实践，形成了一批对提高本科教学质量和教育管理有具体指导意义的行动研究。</p><p>　　中心成员主持参与了“探索贯通本科教育全过程的通识教育新模式”、“国家教育教学质量工程建设项目”、“研究型大学通识教育课程优化与管理”、“研究型大学教师发展制度（FD）的系统建构”等40余项重大的国家和省部级研究课题，独立完成了《名师、名课、名教材》、《课程教学评估有效性及其实现》、《大学学术职业与教师发展（FD）-日美两国透视》等多部著译作，调研报告和论文100余篇，起到了教学研究的带头示范作用。</p><p>　　中心也鼓励支持广大教师参与教学研究，每年以滚动申报的形式，引导院系和教师开展教改研究项目，研究议题涉及通识教育课程建设、教学内容、教学手段和教学方法、教学管理体制改革等各方面内容。近年来，前后共有231项获得了中心组织发布的复旦教学研究课题立项，42项获得了国家教育部、上海市本科教学重点支持项目，在上海各高校中名列前茅。今年，中心更是加大了对教师教学研究的支持力度，从197项的教师申报项目中择优资助了86项教学研究课题。</p><p>　　这些研究的有力展开，孵化出一批优秀成果，2005年、2009年分别获得10项和5项国家级教学优秀成果奖。如获得学校教改立项资助的中文系陈思和教授主持的“原典精读系列教材”项目囊获了教育部质量工程的教学名师、精品课程、优秀教学团队和教学成果等奖项，并被列入“十一五国家级规划教材”和上海市2011年优秀教材奖一等奖。又如，另一教改立项项目“复旦大学英语水平测试的设计和实施”从高等教育国际化发展的需要出发，将大学英语教学从基础性定位转化为学术性定位，并调整大学英语师资的教学能力发展结构。这一改革立项成为整个上海地区大学英语教学改革的风向标，促进了区域内的大学英语教学改革的联动趋势：即通过课程设置、教材编写、教师培训、资源库建设等改革，切实提高上海地区大学生有效使用英语开展学习和科研的能力，增强其在专业领域内的国际合作和竞争能力。</p><p>　　中心倡导全校教师以教学研究为视角，积极探索教育教学的普遍规律和学科专业的教学特点，以学生成长成才为目标，深入思考和完善教学体系，丰富了教学内涵，提升了教学效果。来自全校各学科教学一线的教师的教改研究如百花齐放，为复旦大学不断深化本科教学改革注入了持续的活力，使学校教学学术文化得以传承发扬。</p><p>　　<strong>5.以区域发展为己任，发挥优质教学资源的辐射效应</strong></p><p>　　复旦大学教师教学发展中心以带动区域内大学教与学的研究为使命，围绕教师教学能力发展积极开展研讨与培训，接受外校教师研修和培训人数共计8213人，其中包括了教育部青年骨干访问学者、人事部支援西部骨干特培、以及中组部西部之光研修教师等。</p><p>　　2009年6月，中心协同复旦大学高教所举办了“国际视野下大学教育质量保障的中日小型研讨会”，来自日本东京大学、北大、清华和上海地方高校三十多位学者就目前国际和国内几个主要采用的大学教学环境和学生学习质量的测量指标体系进行了深入的探讨。</p><p>　　2012年5月，中心联手《复旦教育论坛》举办了“创新教与学：教学学术的视角”研讨会，来自市教委、教育部华东高校师培中心以及海内外47所高校的130多位高教学者和教学管理者莅临复旦大学，就大学如何建构教师发展制度、如何创新课堂教学模式、如何科学评价教学质量进行了既有理论深度又有实践指导意义的交流。大会邀请的德、澳和国内985高校教师发展领域知名学者对国际和国内高校教师发展制度和教学发展变革趋势做了主旨报告。中心研究人员则向大会汇报了基于2011年复旦学情和教情大规模调研的系列成果：①“课堂教学受欢迎教师具有什么样的特征：以复旦大学为例”、②“研究型大学学生评教指标体系建构中的若干关注点：基于复旦大学问卷调查的分析”、③“从师生对‘教学优点’的不同定义看高校教师发展的必要性：基于复旦大学问卷调查的分析”、④“研究型教学的课堂特征分析：基于复旦大学课堂实地观察”。</p><p>　　复旦大学教师教学发展中心以研讨会和培训班的形式，引领校内外教师和教学管理者从学术研究的高度探究大学教学的理念、过程、方法和手段，推进本科教育教学改革。</p><p>　　<strong>6.以名师督导为核心，强化教学咨询和示范功能</strong></p><p>　　为了鼓励教师们更好地承担教书育人的神圣职责，提高青年教师的教学能力，发扬复旦良好的师德师风。复旦大学教师教学发展中心充分挖掘名师资源，使他们积极为本科生开设优质课程，启发学生的心智和求知欲，在教学实践中大力推进教育教学改革，精心培育教学梯队，并致力于推广和传播教学成果。</p><p>　　2007年，复旦大学教师教学发展中心与工会、人事处等部门联合启动复旦大学青年教师“教学拜师结对”活动，采用老教师与青年教师结对方式，使承担本科公共课、基础课、专业主干课及量大面广的实验课教学的青年教师有机会得到老教师的亲授点拨，提升教学能力。复旦大学物理学系教授、联合国教科文组织青年科学家奖获得者封东来也曾作为青年教师参与此项活动。每年参与此项活动的青年教师有60人次左右，累计共有400人次。</p><p>　　中心充分发挥名师在本科教学第一线的航行标作用。国家教学名师、经济学院袁志刚教授在2009年“经济学教学与科研高级研讨会”上针对西方经济学教学问题，根据自身多年从教经验作了主旨发言，受到了与会者的好评。中心顾问专家、国家级教学名师陈纪修的“数学分析”全程录像上网，点击下载已突破40万人次。他于2009年11月为全国高等学校承担“数学分析”教学任务的中青年教师开办三天的培训讲座，并先后赴清华大学、华东师大、上海大学、上海外贸学院等校开展数学分析课程的示范教学，介绍关于数学分析课程教学的思考及其经验。中心另一位顾问专家、国家级教学名师乔守怡教授先后在内蒙古大学、南昌大学、南开大学、华东理工大学、南京大学、上海交通大学、四川大学、宁夏大学、贵州大学、新疆师范大学等多所高校举办生物学教学讲座和教学改革报告，听众突破万人。</p><p>&nbsp;</p>',NULL,'1001','','1','1','1',NULL,NULL,'1','2013-09-14',NULL),(3,'联系我们','','<p>电话：65642274</p><p><br/>地址：综合楼219、223室</p><p><br/>邮编：200433</p><p><br/>邮箱：<a href=\"mailto:jwcj@fudan.edu.cn\">jwcj@fudan.edu.cn</a></p><p><img src=\"http://api.map.baidu.com/staticimage?center=116.330867,39.951783&amp;zoom=15&amp;width=530&amp;height=340&amp;markers=116.330867,39.951783\" width=\"530\" height=\"340\"/>&nbsp;</p>',NULL,'1009','',NULL,'1',NULL,NULL,'2013-07-07',NULL,'2013-07-07',NULL),(4,'复旦大学教师教学发展委员会召开第三次全体会议','','<p>&nbsp;&nbsp;&nbsp;&nbsp; 2013年7月2日上午，公安大学教师教学发展委员会召开第三次全体会议，副校长陆昉、公安学院和高等教育研究所相关人员同时参加了会议。与会人员围绕教师教学发展委员会和教师教学发展中心本学期的工作进展，进行了交流与讨论。<br/>&nbsp;&nbsp;&nbsp;&nbsp;&nbsp; 会议伊始，主任委员乔守怡向全体委员再次明确了委员会定位和职责。公安学院常务副院长徐雷简要通报了公安大学教学指导委员会发起的“提高本科教育质量研究”工作进展；副院长王颖汇报了教师教学发展中心本学期开展的各项工作。<br/>&nbsp;&nbsp;&nbsp;&nbsp;&nbsp; 之后，委员会委员、高等教育研究所所长熊庆年交流了本学期全程听一门核心课程的体会。他认为，听课是委员会了解学校实际教学状况的一个良好渠道，委员们应用真诚的交流与建议让任课教师获得认同和接受。主任委员乔守怡和委员、国际关系与公共事务学院院长陈志敏作为2013年青年教师教学比赛第二阶段理科和文科评委组组长，在总结了本次比赛情况的基础上，对下一轮的组织方式提出了改进建议。围绕委员会本学期的这两项工作，与会委员进行了充分讨论，在教学方式、教学风格、教师培养、小班化教学等方面均提出了有益建议。<br/>&nbsp;&nbsp;&nbsp;&nbsp;&nbsp;&nbsp; 陆昉副校长总结了本次会议。他指出，学校目前依托教学指导委员会和教师教学发展委员会2个专家委员会，着力提升人才培养质量。相比教学指导委员会，教师教学发展委员会更着重于指导教师教学发展中心开展积极有效的工作。<br/>&nbsp;&nbsp;&nbsp;&nbsp;&nbsp;&nbsp; 最后，陆昉副校长宣布，由公安学院副院长王颖兼任教师教学发展中心常务副主任，高等教育研究所丁妍担任副主任。光华楼东主楼29楼作为中心活动场所。<br/></p>',NULL,'1002','',NULL,'1',NULL,NULL,'2013-07-08',NULL,'2013-07-24','1'),(5,'标题sssss','sss','<p>dsfdsfsdfdsfd</p><p style=\"LINE-HEIGHT: 16px\"><img src=\"http://127.0.0.1:8080/ueditor1_2_6_0-utf8-jsp/dialogs/attachment/fileTypeImages/icon_txt.gif\"/><a href=\"http://127.0.0.1:8080/ueditor1_2_6_0-utf8-jsp/jsp/upload/20130720/9611374292450311.txt\">O库P库同步.txt</a></p><p>&nbsp;<img title=\"26730957_64166.jpg\" src=\"http://127.0.0.1:8080/ueditor1_2_6_0-utf8-jsp/jsp/upload/20130720/33521374300060790.jpg\" width=\"572\" height=\"277\"/></p>',NULL,'1007','http://127.0.0.1:8080/ueditor1_2_6_0-utf8-jsp/jsp/upload/20130720/33521374300060790.jpg',NULL,'1',NULL,NULL,'2013-07-20',NULL,'2013-07-20','1'),(6,'印军花半年查明“中国无人机”身份:金星木星','','<p>　　环球网报道：印度媒体近来频频报道称印军在中印边境地区发现不明飞行物（UFO），甚至还有人猜测这是所谓的中国“无人机”等侦察设备。印度由此下大力气进行调查，但媒体爆料的调查结果让人瞠目结舌——“印度陆军误将金星和木星这两颗太阳系行星当成了无人机”。</p><p>　　英国广播公司（BBC）7月25日引述印度加尔各答《电讯报》的消息称，驻扎在中印边境地区的印度部队记录的数据显示，被发现的不明飞行物事件多达329次。印度陆军在对这所谓的“中国无人机侵犯印度领空”事件进行为期半年的调查之后发现，不明飞行物实际是木星和金星。</p><p>　　《电讯报》援引印度军方消息人士的话称，不明飞行物共计155次越过实际控制线“侵犯印度领土”，印度军方由此要求为印度天体物理学研究所对其进行识别。“我们的任务是确定这些不明物体究竟是天空中还是地面的物体。”天文学家图莎尔•帕布在接受《电讯报》采访时说道。而由不明物体的运行轨迹判断，它们被认定是行星。</p><p></p>',NULL,'1002','',NULL,'1',NULL,NULL,'2013-07-26',NULL,'2013-07-26','1'),(7,'成都中医药大学校长书记两个月内相继落马','','<p></p><table class=\"tableImg\" cellspacing=\"0\" cellpadding=\"0\" align=\"center\"><tbody><tr><td style=\"TEXT-ALIGN: center\"><img class=\"flag_bigP\" alt=\"张忠元\" align=\"middle\" src=\"http://photocdn.sohu.com/20130726/Img382637179.jpg\" jquery17105895014890406718=\"34\"/> <p></p><p>125</p></td></tr><tr><td style=\"TEXT-ALIGN: center\" class=\"text-pic-tt\">张忠元 <a href=\"http://roll.sohu.com/20120108/n331533217.shtml\" target=\"_blank\">资料图</a>&nbsp;<a class=\"savePicBtn\" href=\"javascript:void(0);\" desc=\"张忠元 资料图\" picurl=\"http://photocdn.sohu.com/20130726/Img382637179.jpg\" jquery17105895014890406718=\"30\">[保存到相册]</a></td></tr></tbody></table><p></p><table class=\"tableImg\" cellspacing=\"0\" cellpadding=\"0\" align=\"center\"><tbody><tr><td style=\"TEXT-ALIGN: center\"><img class=\"flag_bigP\" alt=\"范昕建\" align=\"middle\" src=\"http://photocdn.sohu.com/20130726/Img382637805.jpg\" jquery17105895014890406718=\"35\"/> <p></p><p>100</p></td></tr><tr><td style=\"TEXT-ALIGN: center\" class=\"text-pic-tt\">范昕建 资料图&nbsp;<a class=\"savePicBtn\" href=\"javascript:void(0);\" desc=\"范昕建 资料图\" picurl=\"http://photocdn.sohu.com/20130726/Img382637805.jpg\" jquery17105895014890406718=\"31\">[保存到相册]</a></td></tr></tbody></table><p><br/>　　多个消息源向本报记者确认，成都中医药大学党委书记张忠元，近日被纪检部门调查。</p><p>　　7月24日，四川组织部门宣布免去张忠元的书记职务，并任命马跃荣为新的党委书记。<a href=\"http://news.sohu.com/20130606/n378136689.shtml\" target=\"_blank\">此前5月30日，成都中医药大学校长范昕建，及该校多位中层干部已因涉嫌违纪，被纪检部门调查</a>。同一时间段内，校长和党委书记双双“落马”，在高校系统非常罕见。</p><p>　　生于1955年12月的张忠元，籍贯重庆江津。1982年1月毕业于重庆医学院（现重庆医科大学）临床医学专业，医学学士学位，副教授。1991年10月至1993年8月任重庆医科大学党委副书记，1993年8月至1997年8月任泸州医学院副院长兼任泸州医学院附属医院院长，1997年8月至1998年12月任四川生殖卫生学院院长，1998年12月至2005年6月任四川生殖卫生学院党委书记、院长，2005年6月任成都中医药大学党委书记至今。</p><p>　　在成都中医药大学官网对党委书记的介绍专栏里，张忠元照片显示，他的办公桌上放置有一块铭牌，上书八个大字：遵纪、守法、勤政、廉洁。</p><p>　　张忠元任职的成都中医药大学，则为四川省政府与国家中医药管理局共建高校，原名成都中医学院，创建于1956年，是中国最早的四所中医药高等院校之一，1995年更名为成都中医药大学。2006年原四川省卫生管理干部学院、四川生殖卫生学院并入成都中医药大学。并入之后，张忠元也由四川生殖卫生学院党委书记、院长，转任成都中医药大学的党委书记一职。</p><p>　　一个多月前，2013年5月30日，成都中医药大学校长范昕建被纪检部门调查，当时一并被带走调查的还有该校负责基建和学校资产管理运行的数位中层干部，其中包括成都中医药大学资产管理有限公司总经理、上市公司成都华神集团股份有限公司副董事长左晓军。</p><p>　　此外，原成都中医药大学校长助理、基建处处长，时任四川护理职业学院院长邹世凌，也在早前被调查。（详见本报2013年6月6日《四川三高校校长落马：基建与医卫腐败“黄金交叉”》）</p><p>　　知情人士向本报记者介绍，邹世凌、范昕建、左晓军及张忠元案，基本为同一窝案，均与成都中医药大学新校区建设等基建腐败相关。左晓军亦曾任该校基建处副处长等职务。</p><p>　　实际上，在6月2日，张忠元在接受本报记者采访时称，当时纪检系统尚未向学校管理层通报范昕建等人的具体涉案情况。张还对本报记者特别强调，范昕建是其个人的问题，成都中医药大学的教学和日常管理，一切正常。</p><p>　　张忠元的最后一次公开活动，是在7月18日，中共成都中医药大学第一届委员会第六次全会的召开。张忠元主持大会并讲话，主旨是学习贯彻党的群众路线。这个会议还审议通过了《成都中医药大学机构设置改革方案》。</p><p>　　知情者称，7月20日左右，纪检部门将其带走调查。</p><p>　　7月24日上午，成都中医药大学召开干部会议，宣布由马跃荣接替张忠元，为成都中医药大学新任党委书记。</p><p>　　马跃荣此前为泸州医学院党委书记，也曾任泸州医学院院长。当晚，马跃荣向本报记者确认了他的这一新职务。</p><p>　　成都中医药大学校长、党委书记，在同一时间段内，双双落马，为高校多年来非常罕见的事件。在此窝案爆发前，四川省委第二巡视组曾专门对该校进行巡视。</p><p>　　7月24日，一位该巡视组负责人对本报记者表示，成都中医药大学案与巡视过程中发现的问题相关。</p><p></p>',NULL,'1002','http://photocdn.sohu.com/20130726/Img382637179.jpg',NULL,'1',NULL,NULL,'2013-07-26',NULL,'2013-07-26','1'),(8,'高温橙色预警：10省份将达39℃ 浙江四川41℃','','<p><img class=\"flag_bigP\" border=\"1\" alt=\"高温橙色预警：川渝浙等局地最高温达40～41℃\" align=\"middle\" src=\"http://photocdn.sohu.com/20130726/Img382620615.jpg\" jquery17106781949124726854=\"58\"/> </p><p></p><p>25</p><p style=\"PADDING-LEFT: 30px\"><strong>延伸阅读：</strong></p><p style=\"PADDING-LEFT: 30px\"><a href=\"http://news.sohu.com/20130726/n382648284.shtml\" target=\"_blank\">网友：我和烤肉之间只差一撮孜然</a></p><p>　<strong>　中央气象台7月26日06时继续发布高温橙色预警：</strong></p><p>　　预计今天白天，黄淮西部和南部、江淮、江汉、江南、陕西南部、四川东部、重庆、南疆盆地等地的部分地区有35℃以上的高温天气；其中，河南南部、安徽大部、江苏南部、上海、浙江、江西北部、湖南中北部、湖北东南部和西部、四川东部、重庆等地的部分地区最高气温有37～39℃，浙江中北部、四川东南部和重庆等地的局部地区最高气温可达40～41℃。</p><p><strong>　　防御指南：</strong></p><p>　　1、尽量避免午后高温时段的户外活动，对老、弱、病、幼人群提供防暑降温指导，并采取必要的防护措施；</p><p>　　2、有关部门应注意防范因用电量过高，电线、变压器等电力设备负载大而引发火灾；</p><p>　　3、户外或者高温条件下的作业人员应当采取必要的防护措施；</p><p>　　4、注意作息时间，保证睡眠，必要时准备一些常用的防暑降温药品；</p><p>　　5、媒体应加强防暑降温保健知识的宣传，各相关部门落实防暑降温保障措施。</p><p></p>',NULL,'1002','http://photocdn.sohu.com/20130726/Img382620615.jpg',NULL,'1',NULL,NULL,'2013-07-26',NULL,'2013-07-26','1'),(9,'俄总统办公室发言人:俄不会将斯诺登引渡给美国','','<p>　　中新网7月26日电&nbsp;据外电报道，俄罗斯总统办公室发言人佩斯科夫26日表示，俄安全机构目前正与美国联邦调查局就斯诺登问题展开洽谈，但俄罗斯不会将斯诺登引渡给美国。<br/><br/>　　佩斯科夫表示，如果斯诺登在俄罗斯获得庇护，将不会再透露任何对美国不利的信息。<br/><br/>　　在斯诺登等待俄罗斯批准其避难申请之际，美国参议院委员会25日通过法案，威胁如果俄罗斯“收留”斯诺登，美国将发动制裁。<br/><br/>　　这是斯诺登7月16日正式向俄罗斯提出临时避难申请后，美国会委员会首度明文威胁俄罗斯不得“收留”斯诺登，其“取消贸易优惠”的措辞暗示可以对一年前才加入世贸组织的俄罗斯实施经济制裁。<br/><br/>　　自6月23日斯诺登离开香港飞抵莫斯科、尤其是申请在俄罗斯避难后，美国会议员对俄罗斯的批评日益升温。有议员称，如果斯诺登的申请获批，将是对美国“赤裸裸的侮辱”；也有议员呼吁对俄罗斯发动人权制裁，或重新推动在欧洲部署反导系统。<br/><br/>　　7月12日，美国总统奥巴马曾亲自致电俄罗斯总统普京，敦促俄罗斯“交出”斯诺登，将他遣返美国受审，其后美国媒体更传出受斯诺登事件影响，奥巴马有意取消预定9月初与普京举行的美俄元首峰会。但事态如何，尚无明晰的信息。</p><p></p>',NULL,'1002','',NULL,'1',NULL,NULL,'2013-07-26',NULL,'2013-07-26','1'),(10,'西班牙火车事故声明现“致哀甘肃地震”字样','','<p>　　一列火车当地时间24日在西班牙西北部加利西亚地区失事出轨，造成80人死亡。<br/><br/>　　中新网7月26日电&nbsp;据外媒报道，西班牙当地时间24日发生严重火车出轨事故，西班牙首相拉霍伊随后发表致哀声明，但声明最后写着“向中国甘肃地震致哀”。有人怀疑声明稿是由首相府“剪贴”类似稿件拼凑的，结果出了差错。<br/><br/>　　据报道，西班牙西北部加利西亚自治区24日发生火车脱轨事故，已经造成80人死亡，超过178人受伤。西班牙首相府当天发表声明，称首相代表西班牙政府及其个人，向事故遇难者家属致以哀悼。<br/><br/>　　但在这份声明的结尾处却写道：“向中国甘肃地震致哀”。对此，有西班牙媒体怀疑这份声明稿是由首相府“剪贴”类似稿件拼凑的，结果出了差错。<br/><br/>　　此后，西班牙首相府很快修改了声明，但并未对此事作出解释。</p>',NULL,'1002','',NULL,'1',NULL,NULL,'2013-07-26',NULL,'2013-07-26','1'),(11,'李源潮副主席','','<p>&nbsp;</p><p>&nbsp;</p><p>&nbsp;</p><p>&nbsp;</p><h1 itemprop=\"headline\">外媒：李源潮率团访朝吸引众多目光(图)<sohuadcode></sohuadcode></h1><p>&nbsp;</p><p>&nbsp;</p><table align=\"center\" uetable=\"null\"><tbody><tr><td style=\"WORD-BREAK: break-all\"><p><img class=\"flag_bigP\" border=\"1\" alt=\"7月25日晚，朝鲜国防委员会第一委员长金正恩在平壤百花园迎宾馆会见当日抵达朝鲜访问并出席朝鲜战争停战60周年纪念活动的国家副主席李源潮。新华社记者 张利\" src=\"http://photocdn.sohu.com/20130726/Img382626714.jpg\" width=\"600\" height=\"450\" jquery1710398247760532405=\"31\"/>&nbsp;</p></td></tr></tbody></table><p><span style=\"FONT-SIZE: 12px\">　　7月25日晚，朝鲜国防委员会第一委员长金正恩在平壤百花园迎宾馆会见当日抵达朝鲜访问并出席朝鲜战争停战60周年纪念活动的国家副主席李源潮。新华社记者 张利</span><br/><br/>　　【韩国《东亚日报》网站7月25日报道】题：中国副主席的访问会帮助朝鲜吗？<br/><br/>　　中国国家副主席李源潮将率领代表团到朝鲜出席27日举行的韩战停战60周年纪念活动。<br/><br/>　　李源潮于1950年11月出生在江苏省涟水县。在他出生一个月前，中国军队渡过鸭绿江参加“抗美援朝战争”。<br/><br/>　　李源潮访问朝鲜是否会对朝鲜有帮助现在还不得而知。朝鲜自2月份进行第三次核试验以来受到国际社会的进一步孤立。<br/><br/>　　李副主席代表中国政府访问朝鲜吸引众多目光。<br/><br/>　　此前，中国与朝鲜主要以党对党的关系进行交流。中国在公布李副主席访问消息时称“率中国代表团出席朝鲜战争停战60周年纪念活动”。“停战”的表述与朝鲜主张的战胜结果是不同的客观性表述。<br/><br/>　　李副主席曾在2011年，以中共中组部部长的身份，率领代表团访问平壤，会见过当时的国防委员会委员长金正日和当时的中央军事委员会副委员长金正恩。<br/><br/>　　<strong>中朝仍然是“紧密伙伴”</strong><br/><br/>　　【香港《南华早报》网站7月25日报道】题：中国国家副主席朝鲜之行显示平壤仍是关键伙伴（记者吴国义）<br/><br/>　　中国国家副主席李源潮今天启程前往朝鲜，出席朝鲜战争停战60周年纪念活动。分析人士说，此次访问表明，北京仍将平壤视为紧密伙伴。<br/><br/>　　中国国家媒体昨天对1950 1953年的朝鲜战争发表了大量评论，称北京对平壤的援助有利于该地区60年来的和平。<br/><br/>　　国防部外事办原主任钱利华在《人民日报》海外版上撰文写道：“中国抗美援朝，是为保家卫国保卫和平而战。”“朝鲜停战60周年，仍然没有换来真正的和平。”<br/><br/>　　“解决半岛问题的根本出路在于平等对话与谈判。”<br/><br/>　　在李源潮对朝鲜展开访问之际，中共内部有人担心，在今年早些时候平壤进行核试验并发射导弹之后，北京对朝鲜过于强硬。北京加入了美国等国的行列，支持联合国对朝鲜的制裁。<br/><br/>　　金正恩的特使崔龙海5月访问北京并会见中国国家主席习近平之后，鸭绿江两岸的紧张气氛有所缓和。<br/><br/>　　朝鲜第一副外相金桂冠也在6月访问了中国。<br/><br/>　　同济大学朝鲜半岛研究室主任崔志鹰说：“李源潮访问平壤可能标志着中国仍把朝鲜视为非常重要和紧密的伙伴。两国预计会加强经济和贸易合作。”<br/><br/>　　复旦大学韩国研究中心副主任蔡建说，北京和平壤在战略上相互需要。他说，平壤依赖北京的外交支持，而朝鲜的垮台不利于北京在该地区消除美国影响的努力。<br/><br/>　　<strong>朝核问题走向受关注</strong><br/><br/>　　【新加坡《联合早报》7月25日报道】题：李源潮今率团访问朝鲜（记者蔡永伟）】<br/><br/>　　中国国家副主席李源潮今天起率领代表团访问朝鲜4天，并将出席朝鲜战争停战60周年纪念活动。<br/><br/>　　中国人民大学国际关系学院教授时殷弘受访时指出，中朝关系仅是“略有缓和”，因为朝鲜顽固地坚持有权发展核武器和远程导弹的立场没有改变。<br/><br/>　　朝鲜在最近一两个月突然转变态度，频频对外展示善意，除了呼吁与韩国恢复对话，也主动提议与美国举行高层会谈，还数次对华表示愿意重返六方会谈。<br/><br/>　　时殷弘认为：“朝鲜已经跟中国进行了双边对话，这在一定程度上缓解它的外交顾虑。”<br/><br/>　　尽管如此，时殷弘认为，由于朝鲜以双边对话为主的外交方针不会改变，因此它真正返回谈判桌的可能性较小。何况六方会谈成员国对重启会谈的条件始终无法达成共识：中国希望尽早重启会谈，但美日韩认为朝鲜必须先兑现过去作出的无核化承诺。<br/><br/>　　北京大学国际战略研究中心副主任朱锋同意说，朝鲜不愿回到弃核的正确轨道，将继续对中朝关系形成极大挑战。<br/><br/>　　不过他指出，李源潮此次访朝，虽然是中朝纪念停战协定的一项惯例，但也是继续加强对朝影响和引导的一个重要方式。<br/><br/>　　李源潮此行是继1993年时任政治局常委的胡锦涛率团出席朝鲜战争停战40周年纪念活动之后，中国再度派出高层参加类似活动。<br/><br/></p><p>&nbsp;</p>',NULL,'1008','http://photocdn.sohu.com/20130726/Img382626714.jpg',NULL,'1',NULL,NULL,'2013-07-26',NULL,'2013-07-26','1'),(12,'老布什','','<p><img class=\"flag_bigP\" border=\"1\" alt=\"24日，老布什的办公室发布一张“光头靓照”。照片中，光头老布什面带微笑坐在轮椅中，让一名同样光头的患儿坐在他大腿上。两人所穿T恤衫和裤子颜色相近。\" align=\"middle\" src=\"http://photocdn.sohu.com/20130726/Img382606198.jpg\" jquery17108187648544560185=\"36\"/> </p><p></p><p>　　中新社休斯敦7月25日电(记者 王欢)美国目前在世的最年长前总统、89岁高龄的老布什(GeorgeH.W.Bush)近日以一款全新发型吸引了公众和媒体的眼球。为替特勤人员罹患白血病的2岁儿子打气，老布什本周仿效他的安保人员，特别剃了个大光头，以示支持。<br/></p><p></p>',NULL,'1008','http://photocdn.sohu.com/20130726/Img382606198.jpg',NULL,'1',NULL,NULL,'2013-07-26',NULL,'2013-07-26','1'),(13,'姜杰任西藏副主席','','<p></p><p></p><table class=\"tableImg\" cellspacing=\"0\" cellpadding=\"0\" align=\"center\" uetable=\"null\"><tbody><tr><td style=\"TEXT-ALIGN: center; WORD-BREAK: break-all\"><img class=\"flag_smallP\" alt=\"\" align=\"middle\" src=\"http://photocdn.sohu.com/20130726/Img382660331.jpg\" jquery171006475080135834188=\"31\"/>&nbsp;</td></tr><tr><td style=\"TEXT-ALIGN: center; WORD-BREAK: break-all\" class=\"text-pic-tt\"></td></tr></tbody></table><p></p><p><span style=\"FONT-FAMILY: &#39;&#39;\">　　人民网北京7月26日电 昨日，西藏自治区第十届人民代表大会常务委员会第五次会议通过人大常委会任免决定，任命姜杰为西藏自治区人民政府副主席。</span></p><p></p><p>　　公开资料显示，姜杰此前担任山东省东营市委书记。7月上旬，山东省委决定姜杰不再担任中共东营市委书记、常委、委员职务。</p><p></p><p><strong>　　姜杰简历：</strong></p><p></p><p>　　姜杰，男，1965年10月生，汉族，山东胶州人，博士研究生学历，管理学博士学位，1985年4月加入中国共产党，1985年7月参加工作。</p><p></p><p>　　1981年09月至1985年07月山东大学历史系世界历史专业学习；</p><p></p><p>　　1985年07月至1991年05月青岛日报社记者；</p><p></p><p>　　1991年05月至1993年09月青岛市委办公厅督查处秘书；</p><p></p><p>　　1993年09月至1994年12月青岛市委办公厅督查处副处级秘书；</p><p></p><p>　　1994年12月至1998年09月中国国际贸易会青岛市贸促分会欧美投资事务处处长；</p><p></p><p>　　1998年09月至2000年02月中国国际贸易促进会青岛市分会副会长、中国国际商会青岛市分会副会长；</p><p></p><p>　　2000年02月至2002年12月青岛市黄岛区委副书记、区长，青岛经济技术开发区党工委副书记、管委会主任（其间：1999年9月至2001年7月在中国外经贸大学涉外经济专业研究生课程进修班学习）；</p><p></p><p>　　2002年12月至2003年06月青岛市黄岛区委书记，青岛经济技术开发区党工委书记、管委会主任；</p><p></p><p>　　2003年06月至2004年09月青岛市黄岛区委书记、青岛经济技术开发区党工委书记；</p><p></p><p>　　2004年09月至2004年12月青岛市黄岛区委书记、青岛经济技术开发区党工委书记（正厅级）；</p><p></p><p>　　2004年12月至2005年12月青岛市黄岛区委书记，青岛经济技术开发区党工委书记、管委会主任（正厅级）；</p><p></p><p>　　2005年12月至2011年01月青岛市委常委，黄岛区委书记、青岛经济技术开发区党工委书记、管委会主任（其间：2002年9月至2006年1月在中国人民大学公共管理学院行政管理专业学习，获管理学博士学位）；</p><p></p><p>　　2011年01月至2011年06月东营市委副书记、代市长；</p><p></p><p>　　2011年06月至2011年12月东营市委副书记、市长。</p><p></p><p>　　2011年12月至2013年07月东营市委书记、市委党校校长。</p><p></p><p>　　2013年07月任西藏自治区人民政府副主席。</p><p></p>',NULL,'1008','http://photocdn.sohu.com/20130726/Img382660331.jpg',NULL,'1',NULL,NULL,'2013-07-26',NULL,'2013-07-26','1'),(14,'戴均良北京副市长','','<p></p><p></p><p><img class=\"flag_bigP\" border=\"1\" alt=\"戴均良\" align=\"middle\" src=\"http://photocdn.sohu.com/20130726/Img382650664.jpg\" jquery17103199673497456434=\"41\"/> </p><p></p><p></p><p><span style=\"FONT-SIZE: 12px\">戴均良</span></p><p></p><p></p><p></p><p><img class=\"flag_bigP\" border=\"1\" alt=\"杨晓超\" align=\"middle\" src=\"http://photocdn.sohu.com/20130726/Img382650666.jpg\" jquery17103199673497456434=\"42\"/> </p><p></p><p></p><p><span style=\"FONT-SIZE: 12px\">杨晓超</span></p><p></p><p><strong>　　来源：<a href=\"http://report.qianlong.com/33378/2013/07/26/5884@8818803.htm\" target=\"_blank\">千龙网</a></strong></p><p></p><p>　　千龙网北京7月26日讯（记者 李同非）26日上午，北京市第十四届人民代表大会常务委员会第五次会议决定任命戴均良、杨晓超为北京市副市长。同时，接受苟仲文辞去北京市副市长职务的请求。本月初，苟仲文已被任命为北京市委常委。至此，北京市政府领导班子变为“一正八副”格局。</p><p></p><p>　　据了解，戴均良此前任民政部副部长，人力资源社会保障部日前发布消息，国务院已免去了戴均良民政部副部长职务。而杨晓超此前担任北京市财政局局长，本次常委会上也通过决定免去杨晓超该项职务。</p><p></p><p>　　在向市人大常委会提起审议两位副市长任命时，北京市市长王安顺介绍说，戴均良同志理论功底扎实，注意结合工作实际思考和研究问题，综合分析和文字能力比较强。长期在民政部工作，熟悉民政业务。挂职沈阳市委常委、副市长期间，分管经济建设、旅游、民族宗教、民营经济等工作，工作思路清晰，重点突出，组织协调能力和开拓创新意识较强。</p><p></p><p>　　在介绍杨晓超情况时，王安顺表示，杨晓超同志熟悉财经工作，思路开阔，有较强的政策研究和业务管理能力，较长时间从事财政经济工作，先后担任市审计局、市财政局主要领导职务，熟悉全市经济社会发展情况，领导能力比较强。任市财政局局长以来，面对国际金融危机挑战和加强首都经济发展方式转变的要求，加大形势研究和政策落实力度，不断完善财政体制机制，推动财政事业科学发展，实现地方财政收入连续多年快速增长。</p><p></p><p>　　经过市人大常委会委员投票，决定戴均良、杨晓超任北京市副市长。随后，两位新人副市长上台发言。</p><p></p><p>　　戴均良在发言中表示，能够为首都发展贡献力量感到无上光荣，深感使命神圣、责任重大，今后工作中自己将倍加努力、忠实履职，深入基层、深入群众，为百姓办实事、办好事，坚持学习，不断提高水平为首都科学发展、和谐稳定做出贡献。</p><p></p><p>　　杨晓超表示，首都经济社会发展已经进入新的阶段，作为新任命的副市长，深感自己的知识、能力与新岗位的要求还有不小的差距。在今后工作中，将努力探索和把握经济发展规律，和分管部门同志一起围绕首都城市功能定位，深入思考如何更好地适应和应对首都发展新阶段提出的新要求、新挑战。新的职务意味更大的责任，将牢记宗旨、恪尽职守，全身心投入到首都事业发展当中。</p><p></p><p>　　同时，市人大常委会还任命线联平为北京市教育委员会主任，免去姜沛民的北京市教育委员会主任职务；任命李颖津为北京市财政局局长，免去李颖津北京市审计局局长职务；任命吴素芳为北京市审计局局长。</p><p></p><p>　　<strong>戴均良简历：</strong></p><p></p><p>　　戴均良，男，汉族，53岁（1960年7月生），湖北浠水人，1980年1月参加工作，1988年10月加入中国共产党，研究生毕业（吉林大学历史学）专业，历史学硕士。现任北京市副市长、市政府党组成员。</p><p></p><p>　　1978年1月至1980年1月为湖北省浠水师范学校学生；1980年1月至1981年8月为湖北省浠水县城关中学教师；1981年8月至1983年8月为湖北省浠水县高中教师（其间：1982年9月至1983年7月在湖北教育学院培训学习）；1983年8月至1986年7月在吉林大学历史系历史学专业硕士研究生学习；1986年7月至1992年4月任民政部政策法规司副主任科员、主任科员；1992年4月至1994年8月任民政部办公厅综合处副处长；1994年8月至1995年1月任民政部政研室副主任（正处级）；1995年1月至1997年8月任民政部办公厅正处级秘书；1997年8月至2002年3月任民政部区划地名司副司长（其间：2001年3月至2002年1月参加中央党校第17期一年制中青年干部培训班）；2002年3月至2010年7月任民政部区划地名司司长（其间：2007年7月至2009年9月挂职任辽宁省沈阳市委常委、副市长、市政府党组副书记）；2010年7月至2012年9月任民政部人事司（社会工作司）司长、直属机关党委副书记；2012年9月至2013年7月，民政部副部长、党组成员；2013年7月任北京市副市长。</p><p></p><p><strong style=\"FONT-FAMILY: &#39;&#39;\">　　杨晓超简历：</strong></p><p></p><p>　　杨晓超，男，汉族，54岁（1958年11月生），江苏南京人，1977年3月参加工作，1990年12月加入中国共产党，在职研究生毕业（首都经济贸易大学会计学专业），经济学硕士、高级审计师、会计师。现任北京市副市长、市政府党组成员，十一届市委委员。</p><p></p><p>　　1972年8月至1977年3月为北京景山学校学生；1977年3月至1978年9月为北京市平谷县大华山公社插队知青；1978年9月至1982年8月为北京经济学院经济系政治经济学专业学生；1982年8月至1985年2月为北京市财政局第二分局干部；1985年2月至1991年8月任北京市财政局商业企业财务管理处副处长；1991年8月至1994年8月任任北京市财政局商业企业财务管理处处长；1994年8月至2000年7月任北京市地方财务局副局长、党组成员（其间：1994年9月至1997年7月在首都经济贸易大学会计学专业在职研究生学习，攻读经济学硕士学位）；2000年7月至2002年11月任北京市地方税务局局长、党组副书记；2002年11月至2008年2月任北京市审计局局长、党组书记；2008年2月至2013年7月任北京市财政局局长、党组书记（其间：2011年3月至2011年7月参加中央党校第30期中青年干部培训一班学习）；2013年7月任北京市副市长。</p><p></p>',NULL,'1008','http://photocdn.sohu.com/20130726/Img382650664.jpg',NULL,'1',NULL,NULL,'2013-07-26',NULL,'2013-07-26','1'),(15,'传郑州城管献爱心买西瓜给假钱 瓜农哭泣','','<p></p><p></p><table class=\"tableImg\" cellspacing=\"0\" cellpadding=\"0\" align=\"center\"><tbody><tr><td style=\"TEXT-ALIGN: center\"><img class=\"flag_bigP\" alt=\"\" align=\"middle\" src=\"http://photocdn.sohu.com/20130726/Img382687297.jpg\" jquery17103702201498101901=\"42\"/> <p></p><p>399</p></td></tr><tr><td style=\"TEXT-ALIGN: center\" class=\"text-pic-tt\"></td></tr></tbody></table><p></p><p><br/><span style=\"FONT-FAMILY: &#39;&#39;\">　　@网络新闻联播</span></p><p></p><p>　　【750斤瓜换来三张假钱 瓜农：他们说买来献爱心的！】郑州网友@的哥表里如一 爆料，今天看见一位六十多岁瓜农老人在路边哭泣。老人说前晚有三个人开辆执法车来买瓜，说是拿去献爱心，而老人也想早点卖完回去照顾年迈父亲，于是将750斤瓜每斤四毛卖出。但三人走后，却发现都是假钱……@河南商报</p><p></p>',NULL,'1003','http://photocdn.sohu.com/20130726/Img382687297.jpg',NULL,'1',NULL,NULL,'2013-07-26',NULL,'2013-07-26','1'),(16,'湖南新田执法人员被曝打死菜农 官方：意外身亡','','<p></p><p></p><p>&nbsp;&nbsp;&nbsp; 中新网长沙7月26日电(记者 李俊杰)25日下午，有网友发帖称，湖南永州新田县一位菜农骑着电动车卖菜时，被交通执法人员拦下，引发冲突，随后死亡。对此，新田县委宣传部26日在接受中新网记者采访时予以了否认，称死者陈某系自己在当地车管所停车场查看其被扣车辆时，突然倒地死亡。经公安机关和死者家属双方共同认定，陈某为意外死亡。<br/><br/>　　记者26日在网友发帖的照片中看到，一位体态消瘦、身着灰色T恤的老汉躺在地上，下巴留有血痕。照片中还出现了围观的人群及蓝色的横幅，要求给个说法。<br/><br/>　　据了解，死者名叫陈长林，男，汉族，61岁，新田县龙泉镇七里坪村人。<br/><br/>　　对于网友曝料的内容，新田县委宣传部予以了否认。据该部门新闻通稿介绍，当天早上7时30分左右，陈长林在县新华书店旁违规将电动三轮摩托车停放在机动车道，被执法交警暂扣拖至车管所停车场。9时许，陈长林急匆匆小跑到停车场查看其被扣车辆时，在车管所停车场突然倒地死亡。<br/><br/>　　新田县交警队办公室一位工作人员在接受媒体采访时也表示，菜农当时穿着拖鞋，在县交警队处罚中心处理违章时，突然冲向停车场，想把自己的车取出来。但由于路面不平整，路上都是石子，在没有任何肢体冲突的情况下，穿着拖鞋的菜农自己跌倒了。随后120赶到，菜农抢救无效死亡。<br/><br/>　　据了解，事后，新田县委、县政府成立了处置工作领导小组，县检察院也迅速介入调查。<br/><br/>　　官方书面材料通报称，经公安机关和死者家属双方共同认定，陈长林为意外死亡，死者尸体已于7月26日凌晨6时运回家中择日安葬。</p><p></p><p><span id=\"url\" itemprop=\"url\">http://news.sohu.com/20130726/n382660694.shtml</span> <span id=\"indexUrl\" itemprop=\"indexUrl\">news.sohu.com</span> <span id=\"isOriginal\" itemprop=\"isOriginal\">false</span> <span id=\"sourceOrganization\" itemscope=\"\" itemtype=\"http://schema.org/Organization\" itemprop=\"sourceOrganization\"><span itemprop=\"name\">中国新闻网</span></span> <span id=\"author\" itemscope=\"\" itemtype=\"http://schema.org/Organization\" itemprop=\"author\"><span itemprop=\"name\"></span></span><span id=\"isBasedOnUrl\" itemprop=\"isBasedOnUrl\">http://www.chinanews.com.cn/sh/2013/07-26/5089298.shtml</span> <span id=\"genre\" itemprop=\"genre\">report</span> <span id=\"wordCount\" itemprop=\"wordCount\">821</span> <span id=\"description\" itemprop=\"description\">&nbsp;&nbsp;&nbsp;中新网长沙7月26日电(记者李俊杰)25日下午，有网友发帖称，湖南永州新田县一位菜农骑着电动车卖菜时，被交通执法人员拦下，引</span> </p><p></p><p></p>',NULL,'1005','',NULL,'1',NULL,NULL,'2013-07-26',NULL,'2013-07-26','1'),(17,'美媒渲染中国项目逼柬埔寨村民搬迁 与事实不符','','<p></p><p>　　【环球时报驻柬埔寨特约记者 钟佳 环球时报记者 王渠】中国海外投资项目“威胁”经常是西方媒体炒作的热点。“美国之音”24日的一档节目说，柬埔寨戈公省为了给一个大型中国项目让路，成千上万村民已经或者即将被迫搬迁;一部分人不情愿地搬进新安置地，另一部分因补偿问题拒绝搬迁。《环球时报》25日了解到，事情并非如此。<br/><br/>　　“美国之音”题为“中国旅游项目迫使柬埔寨村民搬迁”的报道说，自从2008年以来，政府把包括农庄在内的3.6万公顷土地都出租给中国优联集团公司，发展大规模沿海度假村，租期为99年。这家中国公司正忙着修建度假村的一条主要公路，根据计划，这个度假村包括一个五星级饭店、一个赌场和一个港口。这个公司得到柬埔寨政府的同意，根据土地条件，给受影响家庭每公顷几百到8000美元的补偿。为项目铺路，当地村民被迫搬迁到几十公里外高原地区的一个安置地。<br/><br/>　　报道援引权益组织的报告说，这个耗资38亿美元的发展项目影响到戈公省基里萨区和博屯姆区13个村庄的1100多个家庭。报道援引村民易琳达的话说：“我要住在我的出生地，可是如果这家公司真的要发展这个地区，我不得不离开，那么他们一定要给村民适当的补偿，而不是250美元，这还不够给我一家8口人买一个月的米。”<br/><br/>　　天津优联公司柬埔寨项目处工作人员25日对《环球时报》介绍说，戈公省的项目是中柬2008年签订的一个旅游综合开发合同。优联不负责当地的拆迁工作，由柬埔寨指定本国相关部门进行，以避免引起中方和当地村民不必要的纠纷。柬埔寨政府对这个项目十分重视，成立了部际委员会，方便柬埔寨各部门协调，中方也是通过该委员会开展项目。<br/><br/>　　这名工作人员表示，柬埔寨政府在开发项目附近划拨了一块土地安置村民。现在的情况是，大多数搬迁户已经拿到合理补偿，开始搬往新村。优联公司通过部际委员会，为新村进行了大量基础设施建设，包括公路、学校、医院、寺庙等，甚至提供一辆救护车。这些村民大多是渔民，中方出资为他们专门修建河道，渔船可以通过河道进出海。此外，考虑到这些村民种植的农产品和海鲜产品的销售问题，中方还出资帮他们平整土地，等雨季过后建一个农贸市场。<br/><br/>　　基里萨区副区长恩索菲表示，赔偿标准是可以接受的，“根据政策，如果他们的土地上完全没有种植园，那就只能得到几百元，如果土地上全是种植园，那么他们会得到相应赔偿。”<br/><br/>　　一名柬埔寨消息人士25日告诉《环球时报》，搬迁情况并非美国媒体渲染的那样。柬方一直比较尊重当地村民的诉求，没有强拆房屋，所以会留下少数没有搬迁的民众。剩下这部分人，政府还在做工作。新村庄显然比以前的住处条件好，之所以没有搬，不排除是因为有些村民受到柬埔寨个别反对党和外国非政府组织的鼓动，对抗搬迁。以前，西方媒体也渲染过这个项目的环境污染问题。此外，柬埔寨马上迎来大选，部分政客借机炒作的可能性也不小。 (来源：环球时报)</p><p></p>',NULL,'1005','',NULL,'1',NULL,NULL,'2013-07-26',NULL,'2013-07-26','1'),(18,'中方希望日本坚持“专守防卫”政策承诺','','<p>　　本报北京、东京7月26日电（记者牟宗琮、刘军国、彭敏）针对日本防卫省26日出台新《防卫计划大纲》中期报告，我外交部发言人回答本报记者提问时表示：“由于历史原因，日本在军事安全领域的政策走向一直受到亚洲邻国和国际社会高度关注。我们希望日方以史为鉴，尊重亚洲邻国关切，坚持&quot;专守防卫&quot;的政策承诺，走和平发展道路，不要人为制造和渲染紧张。”<br/><br/>　　关于日本是否坚持“专守防卫”安全保障的政策承诺，是当前国际社会普遍关注的问题。新公布的《防卫计划大纲》中期报告声称，日本将加强应对朝鲜核与弹道导弹威胁的能力，同时让自卫队在离岛防卫方面具备水陆两栖能力，以及通过引进无人侦察机以提高警戒监视力度。<br/><br/>　　该报告称，亚太地区的安全保障环境日益严峻，中国正在迅速推进军事力量现代化，扩大海洋活动。朝鲜弹道导弹开发进入一个新阶段，进行核武器开发，是重大威胁。报告强调日美安保体制是日本安全保障的基石，在安全保障环境日益严峻的情况下，深化日美同盟对日本来说比以往更加重要。日本将推进日美联合训练、警戒监视和基地设施共同使用，加强日澳、日韩双边合作和日美韩三边合作，推进与中国和俄罗斯的对话和交流。<br/><br/>　　关于参与武器研发国际合作，报告针对“武器出口三原则”提出，“会检验其是否适合安全保障环境，采取必要的措施”，并“将制定显示未来规划的战略”。<br/><br/>　　上海国际问题研究院亚太研究中心副主任廉德瑰研究员在接受本报记者采访时表示，2010年版《防卫计划大纲》自公布之日起，自民党就指责它力度不够，干事长石破茂曾声言，自民党重掌政权后，将对之进行修改。此次中期报告是自民党鹰派实现“诺言”、推行强硬防卫政策的开始。<br/><br/>　　廉德瑰强调，该报告不加掩饰地以朝鲜的威胁和中国军事力量现代化为借口修改《大纲》，暴露了日本鹰派多年来企图扩军备战，成为“正常国家”的野心。美国亚太战略的调整及其军事预算捉襟见肘，是鹰派推行强硬防卫政策的难得机遇，加强日美同盟是虚，摆脱“战后体制”才是实。特别是报告提出充实自卫队人员与装备，加强其海陆两栖机动能力和夺岛作战能力，解禁集体自卫权和大幅度放松“武器出口三原则”，都将使和平宪法进一步被架空。日本鹰派将把日本引向何处，值得周边国家警惕。<br/><br/>　　《防卫计划大纲》是日本长期防卫政策的基本方针，现行《防卫计划大纲》是2010年民主党执政期间制定的，强调重点加强对西南海域的防卫能力和警戒监视力度，改变过去“基础防卫力构想”，代之以“机动防卫力构想”。据悉，日本政府将以该中期报告为基础经执政党讨论，计划在12月内阁会议上通过新《防卫计划大纲》。<br/><br/>　　据日本媒体分析，安倍政府还正就允许自卫队行使集体自卫权问题展开讨论，安倍政府迈出了转变安全政策第一步，日本“专守防卫”安全保障政策或将出现重大转变。</p><p></p>',NULL,'1006','',NULL,'1',NULL,NULL,'2013-07-27',NULL,'2013-07-27','1'),(19,'中俄联合反恐军演今揭幕 一月两次大演习引关注','','<p></p><table class=\"tableImg\" cellspacing=\"0\" cellpadding=\"0\" align=\"center\"><tbody><tr><td style=\"TEXT-ALIGN: center; WORD-BREAK: break-all\"><img class=\"flag_bigP\" alt=\"资料图：“和平使命2009”中俄联合反恐军事演习。\" align=\"middle\" src=\"http://photocdn.sohu.com/20130727/Img382706318.jpg\" jquery17109213875502117046=\"22\"/>&nbsp;</td></tr><tr><td style=\"TEXT-ALIGN: center\" class=\"text-pic-tt\">资料图：“和平使命2009”中俄联合反恐军事演习。&nbsp;<a class=\"savePicBtn\" href=\"javascript:void(0);\" desc=\"资料图：“和平使命2009”中俄联合反恐军事演习。\" picurl=\"http://photocdn.sohu.com/20130727/Img382706318.jpg\" jquery17109213875502117046=\"19\">[保存到相册]</a></td></tr></tbody></table><p><br/>　　人民网7月27日电：国防部新闻发言人耿雁生7月26日在例行发布会上说，根据中俄两军总长共同批准的联合军演文件，中俄两国军队将于7月27日至8月15日在俄罗斯车里雅宾斯克举行“和平使命—2013”联合反恐演习。</p><p><strong>　　中俄双方参演兵力超1500人</strong></p><p>　　两国日前才刚刚结束在符拉迪沃斯托克以东海域举行的大型海上军演，“和平使命—2013”反恐军演就接踵而至。“和平使命”系列联合军演始于2005年，今年军演的时间最长--历时20天。</p><p>　　本月5日至12日，中俄在日本海彼得大帝湾举行“海上联合-2013”军事演习，双方共出动19艘舰艇以及2个特战分队参加联演。这是中国海军第一次组织多兵种、多型号大型舰艇编队，跨出国门到境外陌生海区参加联合军演。</p><p>　　“和平使命—2013”反恐军演，由中国人民解放军沈阳军区和俄罗斯中央军区60名军官组成联合指挥部。耿雁生说，这次演习包括兵力投送与部署、战役筹划和战役实施三个阶段。根据演习任务需要，中方将派导演部、指挥部、陆军战斗群、空军战斗群和综合保障群参演。中俄双方派出的参演兵力将超过1500人。</p><p></p>',NULL,'1006','http://photocdn.sohu.com/20130727/Img382706318.jpg',NULL,'1',NULL,NULL,'2013-07-27',NULL,'2013-07-27','1'),(20,'东海舰队国产新机缠斗逼退某国先进侦察机','','<p style=\"TEXT-ALIGN: center\"><img style=\"CURSOR: hand\" id=\"currentImg\" title=\"点击查看原图\" border=\"0\" name=\"http://images2.china.com/mili/zh_cn/important/11132797/20130726/17966713_2013072610124930103000.JPG\" alt=\"歼-10战机。\" src=\"http://images2.china.com/mili/zh_cn/important/11132797/20130726/r_17966713_2013072610124930103000.JPG\" width=\"500\" height=\"389\"/></p><p style=\"TEXT-ALIGN: center\">&nbsp;</p><p style=\"TEXT-ALIGN: center\" class=\"news_img_title\">歼-10战机。</p><p>&nbsp;</p><p><!-sse newsadstart=\"\" sse-=\"\"><!-sse newsadend=\"\" sse-=\"\"></!-sse></!-sse></p><p>&nbsp;&nbsp;&nbsp;&nbsp;猛龙出击——记海军<strong class=\"kw\">东海舰队</strong>航空兵某团</p><p>&nbsp;&nbsp;&nbsp;&nbsp;<strong>不久前的一天深夜，急促的警报声突然在海军<strong class=\"kw\">东海舰队</strong>航空兵某飞行团驻地响起。数分钟后，担负值班任务的两架国产新型<strong class=\"kw\">战机</strong>就扑向夜空，成功对“某国飞机”实施了空中拦截。</strong></p><p>&nbsp;&nbsp;&nbsp;&nbsp;多年来，该团一直保持着“一声令下就能升空作战”的战斗状态，被誉为“海空猛龙第一团”。</p><p>&nbsp;&nbsp;&nbsp;&nbsp;这里是全海军第一支装备国产某新型三代<strong class=\"kw\">战机</strong>的部队，自整建制换装以来，该团仅用两年时间就实现了从接装改装到担负战斗值班的跨越，创下了海军航空兵历史上成建制改装新型<strong class=\"kw\">战机</strong>时间最短、改装难度最大、形成战斗力最快、实际使用武器最多等多项纪录。</p><p>&nbsp;&nbsp;&nbsp;&nbsp;换装先换思想</p><p>&nbsp;&nbsp;&nbsp;&nbsp;新机种改装，新观念、新知识是“入场券”。当年7月，副团长贺文清和机务大队大队长房子健带领首批空地勤改装小分队，到某飞机制造公司进行理论改装。</p><p>&nbsp;&nbsp;&nbsp;&nbsp;官兵们发现，与二代机的机械构造相比，国产某新型三代<strong class=\"kw\">战机</strong>电子化、模块化程度高，新知识、新理论多。已经把二代<strong class=\"kw\">战机</strong>摸得非常熟悉的官兵们，不得不从头学起。</p><p>&nbsp;&nbsp;&nbsp;&nbsp;副团长贺文清是一名优秀飞行员。然而，第一次带飞，国产某新型三代<strong class=\"kw\">战机</strong>就把他吓了一跳：短距滑跑，瞬间跃起。新型<strong class=\"kw\">战机</strong>像鹰隼般迅猛，如海燕般灵巧。</p><p>&nbsp;&nbsp;&nbsp;&nbsp;没想到，完全没想到！贺文清激动地把感受报告给时任团长付乃恂：“过去用二代机空中格斗，拼的是体力；而驾驶新型<strong class=\"kw\">战机</strong>，一切全变了。从信息战、电子战、超视距攻击到近战格斗，拼的是脑力。”</p><p>&nbsp;&nbsp;&nbsp;&nbsp;新型<strong class=\"kw\">战机</strong>电子化、自动化程度高，操纵理念已经发生了很大变化，假如人的理念与新装备不相适应，要完成理论改装就是一句空话。</p><p>&nbsp;&nbsp;&nbsp;&nbsp;“换装先换思想。”团党委向官兵发出号召，并建立学习奖励机制、设立自学成才奖励基金。团党委专门制订《党委中心组新装备知识学习计划》，主动查找党委在指挥方式、思想观念、谋略水平与掌握新装备、打赢信息化战争要求之间存在的差距。</p><p>&nbsp;&nbsp;&nbsp;&nbsp;4个月后，他们以平均96分的优异成绩圆满完成了理论改装任务。工厂领导和教员称赞他们说：“你们是来这里改装国产某新型三代<strong class=\"kw\">战机</strong>时间最短、学习最刻苦、问倒教员次数最多、成绩最优秀的部队！”</p><p></p><p></p>',NULL,'1006','http://images2.china.com/mili/zh_cn/important/11132797/20130726/r_17966713_2013072610124930103000.JPG',NULL,'1',NULL,NULL,'2013-07-27',NULL,'2013-07-27','1'),(21,'宁波首艘600吨级海洋维权执法船下水 配高压水炮','','<p>&nbsp;&nbsp;&nbsp;&nbsp;7月25日，浙江宁波市首艘600吨级海监<strong class=\"kw\">维权</strong><strong class=\"kw\">执法船</strong>在重庆川东<strong class=\"kw\">船舶重工</strong>有限责任公司码头下水。该船命名为“<strong class=\"kw\">中国海监</strong>7028”，是目前宁波市最大吨位的海洋<strong class=\"kw\">维权</strong><strong class=\"kw\">执法船</strong>。　　</p><p><!-sse newsadstart=\"\" sse-=\"\"><!-sse newsadend=\"\" sse-=\"\"></!-sse></!-sse></p><p>&nbsp;&nbsp;&nbsp;&nbsp;“<strong class=\"kw\">中国海监</strong>7028”船于去年9月24日开工建造，总长65米，宽9米，深4.6米，排水量580吨，定员25人，续航力2000海里，自持力不少于15天，设计航速20节。该船配置了高压<strong class=\"kw\">水炮</strong>、强光装置、光电取证平台等先进的专业执法设备，具有良好的稳定性和<strong class=\"kw\">操纵性</strong>。该船入列后，将执行我国领海、<strong class=\"kw\">毗连区</strong>、<strong class=\"kw\">专属经济区</strong>、<strong class=\"kw\">大陆架</strong>和其他管辖海域的<strong class=\"kw\">维权</strong>执法任务，为宁波市海洋执法机构开展海上<strong class=\"kw\">巡航</strong>，查处违法使用海洋资源、损害海洋环境等行为提供重要保障。</p><p></p><p></p>',NULL,'1006','',NULL,'1',NULL,NULL,'2013-07-27',NULL,'2013-07-27','1'),(22,'中国若采取“傍大款”外交必自取其祸','','<p>&nbsp;</p><p style=\"TEXT-ALIGN: center\"><img id=\"currentImg\" title=\"由于北宋、南宋的错误外交战略方针，导致先后亡国。\" border=\"0\" alt=\"由于北宋、南宋的错误外交战略方针，导致先后亡国。\" src=\"http://images2.china.com/mili/zh_cn/important/11132797/20130726/17966540_2013072609402136590500.jpg\" width=\"500\" height=\"310\"/></p><p>&nbsp;</p><p style=\"TEXT-ALIGN: center\" class=\"news_img_title\">由于北宋、南宋的错误外交战略方针，导致先后亡国。</p><p>&nbsp;</p><p><!-sse newsadstart=\"\" sse-=\"\"><!-sse newsadend=\"\" sse-=\"\"></!-sse></!-sse></p><p>&nbsp;&nbsp;&nbsp;&nbsp;<strong class=\"kw\">中国</strong><strong class=\"kw\">历史</strong>上，宋代出现过两个“三国时期”：先是北宋、辽国、西夏，后是南宋、金国、西夏。由于北宋、南宋的错误<strong class=\"kw\">外交</strong>战略方针，导致先后亡国。</p><p>&nbsp;&nbsp;&nbsp;&nbsp;前三国时，辽国势大，西夏凶悍，北宋两面作战，吃尽了苦头，杨家将“满门忠烈、一家寡妇”就是当时对局的写照。后北宋采取给辽国、西夏各岁币几十万，“以钱换和平”，国家稍安，却苦了百姓。随着女真人阿骨打在辽国的后院崛起，以3700人就击败辽兵十万，建立金国，改变了整个格局，辽国已江河日下，不再是北宋的主要对手了。</p><p>&nbsp;&nbsp;&nbsp;&nbsp;为了灭辽，金国主动与北宋联盟，并许以燕山一带十七州归还宋为诱饵。而这时辽也要与宋联络共同抗金。可宋庭童贯等权臣却积极响应金，认为这下可以灭辽报仇雪恨了。有识之士则力陈不可，说辽灭了，藩篱没了，与强悍的金国为邻，会大祸临头。<strong class=\"kw\">宋朝</strong>庭不予采纳，两次出兵配合攻辽。1125年金灭辽，1127年金就攻下北宋都城汴梁，徽、钦二帝被俘，北宋也完了。</p><p>&nbsp;&nbsp;&nbsp;&nbsp;后三国时期，金兵不断南进，南宋只有招架之功。好不容易出了个岳飞，大有收复河山之势，还被朝庭慑于金国的恐吓给杀害了。可当<strong class=\"kw\">蒙古</strong>雄起，先灭西夏，后占了大半金国，就提出要与宋联盟共同灭金。南宋又是上下齐喝采，认为复仇的时候到了，机不可失。同样有人反对，说已有前车之鉴，与金盟灭辽，“后卒取祸”，不可再犯同样的错误。可惜昏庸皇帝及群臣不听，结果金灭了，随后南宋也被灭了，“三国归元”。</p><p></p><p></p>',NULL,'1006','http://images2.china.com/mili/zh_cn/important/11132797/20130726/17966540_2013072609402136590500.jpg',NULL,'1',NULL,NULL,'2013-07-27',NULL,'2013-07-27','1'),(23,'日前首相：中国钓鱼岛主张有理 日应归还','','<p>&nbsp;</p><p style=\"TEXT-ALIGN: center\"><img id=\"currentImg\" title=\"鸠山由纪夫认为钓鱼岛问题应当重新看待\" border=\"0\" alt=\"鸠山由纪夫认为钓鱼岛问题应当重新看待\" src=\"http://images2.china.com/mili/zh_cn/important/11132797/20130726/17966214_2013072608371862463600.jpg\" width=\"402\" height=\"305\"/></p><p>&nbsp;</p><p style=\"TEXT-ALIGN: center\" class=\"news_img_title\">鸠山由纪夫认为钓鱼岛问题应当重新看待</p><p>&nbsp;</p><p><!-sse newsadstart=\"\" sse-=\"\"><!-sse newsadend=\"\" sse-=\"\"></!-sse></!-sse></p><p>&nbsp;&nbsp;&nbsp;&nbsp;【环球时报驻日本特约记者 文玉】日本新闻网25日报道说，日本前<strong class=\"kw\">首相</strong><strong class=\"kw\">鸠山由纪夫</strong>当日在东京主持“东亚共同体研究所”成立会，会上重点讨论了日中关系问题。鸠山表示，不久前在接受香港媒体采访时，对于“<strong class=\"kw\">尖阁列岛</strong>”(即中国<strong class=\"kw\">钓鱼岛</strong>及其附属岛屿)问题表达了自己的立场，但遭到国内舆论的激烈批判。鸠山说，“当年<strong class=\"kw\">日本政府</strong>称对这一岛屿进行了调查，确认是无人岛，并因此举行内阁会议，决定将这一岛屿划归<strong class=\"kw\">日本领土</strong>。但内阁决议没有在官报上发表，媒体也没有进行报道，<strong class=\"kw\">日本国民</strong>自然不知道，外国政府也自然不知道。所以，从这一个意义上说，中国认为是日本偷盗了，也是可以理解的。”</p><p>&nbsp;&nbsp;&nbsp;&nbsp;<strong>鸠山还指出，如果根据开罗宣言的精神，日本是应该归还侵占的领土。虽然“<strong class=\"kw\">尖阁列岛</strong>”的名字没有出现在开罗宣言中，但是根据这一个精神，中国要求归还“<strong class=\"kw\">尖阁列岛</strong>”也是可以理解的。</strong>领土问题必须冷静对待，搁置主权，交予下一代去处理，是最为合适的解决方法。</p><p>&nbsp;&nbsp;&nbsp;&nbsp;与此同时，<strong class=\"kw\">日本防卫</strong>省26日将公布为<strong class=\"kw\">日本政府</strong>今年年底出台的新《防卫计划大纲》而汇总的中期报告，日媒25日纷纷对报告概要进行介绍。《<strong class=\"kw\">读卖新闻</strong>》称，作为进行大范围持续性警戒监视的措施，报告写明将讨论引进“超高度滞空型无人机”，以应对中国在日本周边海域和空域活动的日益活跃。在加强离岛防卫方面，为加强对中国<strong class=\"kw\">钓鱼岛</strong>的控制，明确提出扩充“海军陆战队的功能”的方针。具体来说，加强使部队开展<strong class=\"kw\">机动部署</strong>的运输能力，强化具备登陆作战能力的“水陆两栖部队”。概要中虽然并没有写明保持对敌基地攻击能力，却表示“将重新探讨通过全面提高应对弹道导弹的态势加强抑止与应对能力。”</p><p>&nbsp;</p><p>&nbsp;</p>',NULL,'1006','http://images2.china.com/mili/zh_cn/important/11132797/20130726/17966214_2013072608371862463600.jpg',NULL,'1',NULL,NULL,'2013-07-27','1','2013-07-27','1');
/*!40000 ALTER TABLE `article` ENABLE KEYS */;
UNLOCK TABLES;

--
-- Table structure for table `auth_func`
--

DROP TABLE IF EXISTS `auth_func`;
/*!40101 SET @saved_cs_client     = @@character_set_client */;
/*!40101 SET character_set_client = utf8 */;
CREATE TABLE `auth_func` (
  `Func_ID` int(11) NOT NULL AUTO_INCREMENT COMMENT '功能ID',
  `Func_Code` varchar(50) DEFAULT NULL COMMENT '功能编号',
  `Func_Name` varchar(50) DEFAULT NULL COMMENT '功能名称',
  `URL` varchar(255) DEFAULT NULL COMMENT '操作链接',
  `Auth_Type` char(1) NOT NULL COMMENT '权限类型',
  `Is_Menu` char(1) DEFAULT NULL COMMENT '是否菜单项',
  `Parent_ID` int(11) DEFAULT NULL COMMENT '父ID',
  `View_Level_No` varchar(20) DEFAULT NULL COMMENT '显示层级编号',
  `Create_User_ID` varchar(20) DEFAULT NULL COMMENT '创建人',
  `Create_Date_Time` date DEFAULT NULL COMMENT '创建时间',
  `Modify_User_ID` varchar(20) DEFAULT NULL COMMENT '最后修改人',
  `Modify_Date_Time` date DEFAULT NULL COMMENT '最后修改时间',
  `Delete_Flag` char(1) DEFAULT NULL COMMENT '删除标记（1有效、2无效）',
  PRIMARY KEY (`Func_ID`)
) ENGINE=InnoDB AUTO_INCREMENT=25 DEFAULT CHARSET=utf8;
/*!40101 SET character_set_client = @saved_cs_client */;

--
-- Dumping data for table `auth_func`
--

LOCK TABLES `auth_func` WRITE;
/*!40000 ALTER TABLE `auth_func` DISABLE KEYS */;
INSERT INTO `auth_func` VALUES (1,'system','系统管理','','0','1',0,'150',NULL,NULL,NULL,NULL,'1'),(2,'authfunc','功能维护','authfunc','0','0',1,'150201',NULL,NULL,NULL,NULL,'1'),(3,'authrole','角色维护','authrole','0','0',1,'150202',NULL,NULL,NULL,NULL,'1'),(4,'authuser','用户维护','authuser','0','1',1,'150103',NULL,NULL,NULL,NULL,'1'),(5,'authrolefunc','角色功能维护','authrolefunc','0','0',1,'150204',NULL,NULL,NULL,NULL,'1'),(6,'authuserrole','用户角色维护','authuserrole','0','0',1,'150205',NULL,NULL,NULL,NULL,'1'),(7,'article','专家评审','','0','1',0,'110',NULL,NULL,NULL,NULL,'1'),(8,'article','评审政策','article?articleCategory=1001','0','1',7,'110101',NULL,NULL,NULL,NULL,'1'),(10,'parameter','参数维护','parameter','0','1',1,'150101',NULL,NULL,NULL,NULL,'1'),(11,'dept','部门维护','dept','0','1',1,'150102',NULL,NULL,NULL,NULL,'1'),(12,'teacher','教师维护','teacher','0','0',1,'150107',NULL,NULL,NULL,NULL,'1'),(13,'review','评审管理',NULL,'0','1',0,'130',NULL,NULL,NULL,NULL,'1'),(14,'reviewbatch','评审批次','reviewbatch','0','1',13,'130101',NULL,NULL,NULL,NULL,'1'),(15,'reviewquota','评审指标','reviewquota','0','1',13,'130102',NULL,NULL,NULL,NULL,'1'),(16,'reviewresult','评审结果','reviewresult/stat','0','1',13,'130103',NULL,NULL,NULL,NULL,'1'),(17,'teacherinfo','教师维护','teacherinfo','0','1',1,'150104',NULL,NULL,NULL,NULL,'1'),(18,'reviewresult','职称评审','reviewresult','0','1',7,'110102',NULL,NULL,NULL,NULL,'1'),(19,'teacheraward','奖励情况','teacheraward','0','1',1,'150105',NULL,NULL,NULL,NULL,'1'),(20,'teacherscore','量化评分','teacherscore','0','1',1,'150106',NULL,NULL,NULL,NULL,'1'),(21,'loginout','退出系统','logout','0','1',1,'150109',NULL,NULL,NULL,NULL,'1'),(22,'reviewstat','评审汇总','reviewresult/total','0','1',13,'130104',NULL,NULL,NULL,NULL,'1'),(23,'reviewprint','评审监控','reviewprint','0','1',13,'130105',NULL,NULL,NULL,NULL,'1'),(24,'system','系统初始化','system/new','0','1',1,'150108',NULL,NULL,NULL,NULL,'1');
/*!40000 ALTER TABLE `auth_func` ENABLE KEYS */;
UNLOCK TABLES;

--
-- Table structure for table `auth_role`
--

DROP TABLE IF EXISTS `auth_role`;
/*!40101 SET @saved_cs_client     = @@character_set_client */;
/*!40101 SET character_set_client = utf8 */;
CREATE TABLE `auth_role` (
  `Role_ID` varchar(10) NOT NULL COMMENT '角色ID',
  `Role_Name` varchar(50) DEFAULT NULL COMMENT '角色名称',
  `Auth_Type` char(1) NOT NULL COMMENT '权限类型',
  `Role_Memo` varchar(100) DEFAULT NULL COMMENT '备注',
  `Create_User_ID` varchar(20) DEFAULT NULL COMMENT '创建人',
  `Create_Date_Time` date DEFAULT NULL COMMENT '创建时间',
  `Modify_User_ID` varchar(20) DEFAULT NULL COMMENT '最后修改人',
  `Modify_Date_Time` date DEFAULT NULL COMMENT '最后修改时间',
  `Delete_Flag` char(1) DEFAULT NULL COMMENT '删除标记（1有效、2无效）',
  PRIMARY KEY (`Role_ID`)
) ENGINE=InnoDB DEFAULT CHARSET=utf8;
/*!40101 SET character_set_client = @saved_cs_client */;

--
-- Dumping data for table `auth_role`
--

LOCK TABLES `auth_role` WRITE;
/*!40000 ALTER TABLE `auth_role` DISABLE KEYS */;
INSERT INTO `auth_role` VALUES ('R100000','管理员','1',NULL,NULL,NULL,NULL,NULL,'1'),('R100001','评委','1',NULL,NULL,NULL,NULL,NULL,'1'),('R100002','评委主任','1',NULL,NULL,NULL,NULL,NULL,'1');
/*!40000 ALTER TABLE `auth_role` ENABLE KEYS */;
UNLOCK TABLES;

--
-- Table structure for table `auth_role_func`
--

DROP TABLE IF EXISTS `auth_role_func`;
/*!40101 SET @saved_cs_client     = @@character_set_client */;
/*!40101 SET character_set_client = utf8 */;
CREATE TABLE `auth_role_func` (
  `Role_ID` varchar(10) NOT NULL COMMENT '角色ID',
  `Func_ID` int(11) NOT NULL COMMENT '功能ID',
  `Create_User_ID` varchar(20) DEFAULT NULL COMMENT '创建人',
  `Create_Date_Time` date DEFAULT NULL COMMENT '创建时间',
  `Modify_User_ID` varchar(20) DEFAULT NULL COMMENT '最后修改人',
  `Modify_Date_Time` date DEFAULT NULL COMMENT '最后修改时间',
  `Delete_Flag` char(1) DEFAULT NULL COMMENT '删除标记（1有效、2无效）',
  PRIMARY KEY (`Role_ID`,`Func_ID`)
) ENGINE=InnoDB DEFAULT CHARSET=utf8;
/*!40101 SET character_set_client = @saved_cs_client */;

--
-- Dumping data for table `auth_role_func`
--

LOCK TABLES `auth_role_func` WRITE;
/*!40000 ALTER TABLE `auth_role_func` DISABLE KEYS */;
INSERT INTO `auth_role_func` VALUES ('R100000',1,NULL,NULL,NULL,NULL,'1'),('R100000',2,NULL,NULL,NULL,NULL,'1'),('R100000',3,NULL,NULL,NULL,NULL,'1'),('R100000',4,NULL,NULL,NULL,NULL,'1'),('R100000',5,NULL,NULL,NULL,NULL,'1'),('R100000',6,NULL,NULL,NULL,NULL,'1'),('R100000',9,NULL,NULL,NULL,NULL,'1'),('R100000',10,NULL,NULL,NULL,NULL,'1'),('R100000',11,NULL,NULL,NULL,NULL,'1'),('R100000',12,NULL,NULL,NULL,NULL,'1'),('R100000',13,NULL,NULL,NULL,NULL,'1'),('R100000',14,NULL,NULL,NULL,NULL,'1'),('R100000',15,NULL,NULL,NULL,NULL,'1'),('R100000',16,NULL,NULL,NULL,NULL,'1'),('R100000',17,NULL,NULL,NULL,NULL,'1'),('R100000',19,NULL,NULL,NULL,NULL,'1'),('R100000',20,NULL,NULL,NULL,NULL,'1'),('R100000',21,NULL,NULL,NULL,NULL,'1'),('R100000',22,NULL,NULL,NULL,NULL,'1'),('R100000',23,NULL,NULL,NULL,NULL,'1'),('R100000',24,NULL,NULL,NULL,NULL,'1'),('R100001',1,NULL,NULL,NULL,NULL,'1'),('R100001',7,NULL,NULL,NULL,NULL,'1'),('R100001',18,NULL,NULL,NULL,NULL,'1'),('R100001',21,NULL,NULL,NULL,NULL,'1');
/*!40000 ALTER TABLE `auth_role_func` ENABLE KEYS */;
UNLOCK TABLES;

--
-- Table structure for table `auth_user`
--

DROP TABLE IF EXISTS `auth_user`;
/*!40101 SET @saved_cs_client     = @@character_set_client */;
/*!40101 SET character_set_client = utf8 */;
CREATE TABLE `auth_user` (
  `User_ID` int(11) NOT NULL AUTO_INCREMENT COMMENT '用户ID',
  `Year` varchar(4) DEFAULT NULL,
  `Dept_ID` varchar(10) DEFAULT NULL COMMENT '公司ID',
  `User_Name` varchar(50) DEFAULT NULL COMMENT '用户名',
  `Login_Name` varchar(50) DEFAULT NULL COMMENT '登录名',
  `Login_Pwd` varchar(20) DEFAULT NULL COMMENT '登录密码',
  `Mobile` varchar(20) DEFAULT NULL COMMENT '手机',
  `Office_Tel` varchar(20) DEFAULT NULL COMMENT '办公电话',
  `Email` varchar(100) DEFAULT NULL COMMENT 'Email',
  `Fax` varchar(50) DEFAULT NULL COMMENT '传真',
  `Position` varchar(20) DEFAULT NULL COMMENT '职位',
  `Create_User_ID` varchar(20) DEFAULT NULL COMMENT '创建人',
  `Create_Date_Time` datetime DEFAULT NULL COMMENT '创建时间',
  `Modify_User_ID` varchar(20) DEFAULT NULL COMMENT '最后修改人',
  `Modify_Date_Time` datetime DEFAULT NULL COMMENT '最后修改时间',
  `Delete_Flag` char(1) DEFAULT NULL COMMENT '删除标记（1有效、2无效）',
  PRIMARY KEY (`User_ID`)
) ENGINE=InnoDB AUTO_INCREMENT=81 DEFAULT CHARSET=utf8;
/*!40101 SET character_set_client = @saved_cs_client */;

--
-- Dumping data for table `auth_user`
--

LOCK TABLES `auth_user` WRITE;
/*!40000 ALTER TABLE `auth_user` DISABLE KEYS */;
INSERT INTO `auth_user` VALUES (1,NULL,'0','管理员','admin','1',NULL,NULL,NULL,NULL,NULL,NULL,NULL,NULL,NULL,'1'),(54,'2013',NULL,'程  琳','20050324','1234','','','',NULL,NULL,NULL,'2013-09-26 10:45:22',NULL,'2013-10-24 14:51:51','1'),(55,'2013',NULL,'黄祖跃','30170001','1234','','','',NULL,NULL,NULL,'2013-09-26 10:45:22',NULL,'2013-10-13 09:53:20','1'),(56,'2013','1000','李健和','20052099','1234',NULL,NULL,NULL,NULL,NULL,NULL,'2013-09-26 10:45:22',NULL,'2013-09-26 10:45:22','1'),(57,'2013','1000','刘  舒','20050491','1234',NULL,NULL,NULL,NULL,NULL,NULL,'2013-09-26 10:45:22',NULL,'2013-09-26 10:45:22','1'),(58,'2013','1000','田全华','20052200','1234',NULL,NULL,NULL,NULL,NULL,NULL,'2013-09-26 10:45:22',NULL,'2013-09-26 10:45:22','1'),(59,'2013','1000','汪  勇','20050394','1234',NULL,NULL,NULL,NULL,NULL,NULL,'2013-09-26 10:45:22',NULL,'2013-09-26 10:45:22','1'),(60,'2013','1001','常培峰','20050220','1234',NULL,NULL,NULL,NULL,NULL,NULL,'2013-09-26 10:45:22',NULL,'2013-09-26 10:45:22','1'),(61,'2013','1001','罗振峰','20050112','1234',NULL,NULL,NULL,NULL,NULL,NULL,'2013-09-26 10:45:22',NULL,'2013-09-26 10:45:22','1'),(62,'2013','1001','仇加勉','20052068','1234',NULL,NULL,NULL,NULL,NULL,NULL,'2013-09-26 10:45:22',NULL,'2013-09-26 10:45:22','1'),(63,'2013','1001','王清淮','20050873','1234',NULL,NULL,NULL,NULL,NULL,NULL,'2013-09-26 10:45:22',NULL,'2013-09-26 10:45:22','1'),(64,'2013','1001','卢东栋','20050227','1234',NULL,NULL,NULL,NULL,NULL,NULL,'2013-09-26 10:45:22',NULL,'2013-09-26 10:45:22','1'),(65,'2013','1002','朱  玫','20052006','1234',NULL,NULL,NULL,NULL,NULL,NULL,'2013-09-26 10:45:22',NULL,'2013-09-26 10:45:22','1'),(66,'2013','1002','任红杰','20050835','1234',NULL,NULL,NULL,NULL,NULL,NULL,'2013-09-26 10:45:22',NULL,'2013-09-26 10:45:22','1'),(67,'2013','1002','张国星','20052086','1234',NULL,NULL,NULL,NULL,NULL,NULL,'2013-09-26 10:45:22',NULL,'2013-09-26 10:45:22','1'),(68,'2013','1002','李广仓','20050412','1234',NULL,NULL,NULL,NULL,NULL,NULL,'2013-09-26 10:45:22',NULL,'2013-09-26 10:45:22','1'),(69,'2013','1002','邢  捷','20051029','1234',NULL,NULL,NULL,NULL,NULL,NULL,'2013-09-26 10:45:22',NULL,'2013-09-26 10:45:22','1'),(70,'2013','1002','刘万奇','20050726','1234',NULL,NULL,NULL,NULL,NULL,NULL,'2013-09-26 10:45:22',NULL,'2013-09-26 10:45:22','1'),(71,'2013','1002','刘  文','20050061','1234',NULL,NULL,NULL,NULL,NULL,NULL,'2013-09-26 10:45:22',NULL,'2013-09-26 10:45:22','1'),(72,'2013','1002','李玉华','20050525','1234',NULL,NULL,NULL,NULL,NULL,NULL,'2013-09-26 10:45:22',NULL,'2013-09-26 10:45:22','1'),(73,'2013','1002','张彩凤','20052272','1234',NULL,NULL,NULL,NULL,NULL,NULL,'2013-09-26 10:45:22',NULL,'2013-09-26 10:45:22','1'),(74,'2013','1002','周  农','20051056','1234',NULL,NULL,NULL,NULL,NULL,NULL,'2013-09-26 10:45:22',NULL,'2013-09-26 10:45:22','1'),(75,'2013','1002','马亚雄','20051078','1234',NULL,NULL,NULL,NULL,NULL,NULL,'2013-09-26 10:45:22',NULL,'2013-09-26 10:45:22','1'),(76,'2013','1002','王大为','30210009','1234',NULL,NULL,NULL,NULL,NULL,NULL,'2013-09-26 10:45:22',NULL,'2013-09-26 10:45:22','1'),(77,'2013','1002','王洪沙','20051145','1234',NULL,NULL,NULL,NULL,NULL,NULL,'2013-09-26 10:45:22',NULL,'2013-09-26 10:45:22','1'),(78,'2013','1002','王淑合','20050903','1234',NULL,NULL,NULL,NULL,NULL,NULL,'2013-09-26 10:45:22',NULL,'2013-09-26 10:45:22','1'),(79,'2013','1002','付有志','20050086','1234',NULL,NULL,NULL,NULL,NULL,NULL,'2013-09-26 10:45:22',NULL,'2013-09-26 10:45:22','1'),(80,'2013',NULL,'ceshi','ceshi','1234','','','',NULL,NULL,NULL,'2013-10-23 16:00:06',NULL,'2013-10-23 16:00:06','1');
/*!40000 ALTER TABLE `auth_user` ENABLE KEYS */;
UNLOCK TABLES;

--
-- Table structure for table `auth_user_role`
--

DROP TABLE IF EXISTS `auth_user_role`;
/*!40101 SET @saved_cs_client     = @@character_set_client */;
/*!40101 SET character_set_client = utf8 */;
CREATE TABLE `auth_user_role` (
  `User_ID` int(11) NOT NULL COMMENT '用户ID',
  `Role_ID` varchar(10) NOT NULL COMMENT '角色编码',
  `Create_User_ID` varchar(20) DEFAULT NULL COMMENT '创建人',
  `Create_Date_Time` date DEFAULT NULL COMMENT '创建时间',
  `Modify_User_ID` varchar(20) DEFAULT NULL COMMENT '最后修改人',
  `Modify_Date_Time` date DEFAULT NULL COMMENT '最后修改时间',
  `Delete_Flag` char(1) DEFAULT NULL COMMENT '删除标记（1有效、2无效）',
  PRIMARY KEY (`User_ID`,`Role_ID`)
) ENGINE=InnoDB DEFAULT CHARSET=utf8;
/*!40101 SET character_set_client = @saved_cs_client */;

--
-- Dumping data for table `auth_user_role`
--

LOCK TABLES `auth_user_role` WRITE;
/*!40000 ALTER TABLE `auth_user_role` DISABLE KEYS */;
INSERT INTO `auth_user_role` VALUES (1,'R100000',NULL,NULL,NULL,NULL,'1'),(54,'R100001',NULL,'2013-09-26',NULL,NULL,'1'),(55,'R100001',NULL,'2013-09-26',NULL,NULL,'1'),(56,'R100001',NULL,'2013-09-26',NULL,NULL,'1'),(57,'R100001',NULL,'2013-09-26',NULL,NULL,'1'),(58,'R100001',NULL,'2013-09-26',NULL,NULL,'1'),(59,'R100001',NULL,'2013-09-26',NULL,NULL,'1'),(60,'R100001',NULL,'2013-09-26',NULL,NULL,'1'),(61,'R100001',NULL,'2013-09-26',NULL,NULL,'1'),(62,'R100001',NULL,'2013-09-26',NULL,NULL,'1'),(63,'R100001',NULL,'2013-09-26',NULL,NULL,'1'),(64,'R100001',NULL,'2013-09-26',NULL,NULL,'1'),(65,'R100001',NULL,'2013-09-26',NULL,NULL,'1'),(66,'R100001',NULL,'2013-09-26',NULL,NULL,'1'),(67,'R100001',NULL,'2013-09-26',NULL,NULL,'1'),(68,'R100001',NULL,'2013-09-26',NULL,NULL,'1'),(69,'R100001',NULL,'2013-09-26',NULL,NULL,'1'),(70,'R100001',NULL,'2013-09-26',NULL,NULL,'1'),(71,'R100001',NULL,'2013-09-26',NULL,NULL,'1'),(72,'R100001',NULL,'2013-09-26',NULL,NULL,'1'),(73,'R100001',NULL,'2013-09-26',NULL,NULL,'1'),(74,'R100001',NULL,'2013-09-26',NULL,NULL,'1'),(75,'R100001',NULL,'2013-09-26',NULL,NULL,'1'),(76,'R100001',NULL,'2013-09-26',NULL,NULL,'1'),(77,'R100001',NULL,'2013-09-26',NULL,NULL,'1'),(78,'R100001',NULL,'2013-09-26',NULL,NULL,'1'),(79,'R100001',NULL,'2013-09-26',NULL,NULL,'1'),(80,'R100001',NULL,'2013-10-23',NULL,NULL,'1');
/*!40000 ALTER TABLE `auth_user_role` ENABLE KEYS */;
UNLOCK TABLES;

--
-- Table structure for table `review_batch`
--

DROP TABLE IF EXISTS `review_batch`;
/*!40101 SET @saved_cs_client     = @@character_set_client */;
/*!40101 SET character_set_client = utf8 */;
CREATE TABLE `review_batch` (
  `Batch_Id` varchar(10) NOT NULL COMMENT '批次ID',
  `Review_Type` varchar(4) DEFAULT NULL COMMENT '职称类别',
  `Batch_Year` varchar(4) DEFAULT NULL COMMENT '分类',
  `Turn_No` varchar(2) DEFAULT NULL COMMENT '标题',
  `Create_User_ID` varchar(20) DEFAULT NULL COMMENT '创建人',
  `Create_Date_Time` date DEFAULT NULL COMMENT '创建时间',
  `Delete_Flag` char(1) DEFAULT NULL COMMENT '删除标记（1有效、2无效）',
  `Batch_Status` char(1) DEFAULT NULL,
  PRIMARY KEY (`Batch_Id`)
) ENGINE=InnoDB DEFAULT CHARSET=utf8;
/*!40101 SET character_set_client = @saved_cs_client */;

--
-- Dumping data for table `review_batch`
--

LOCK TABLES `review_batch` WRITE;
/*!40000 ALTER TABLE `review_batch` DISABLE KEYS */;
INSERT INTO `review_batch` VALUES ('201302','1120','2013','02','1','2014-01-15','1','2'),('2014011120','1120','2014','01','1','2014-01-15','1','1'),('2014011130','1130','2014','01','1','2014-01-15','1','1');
/*!40000 ALTER TABLE `review_batch` ENABLE KEYS */;
UNLOCK TABLES;

--
-- Table structure for table `review_print`
--

DROP TABLE IF EXISTS `review_print`;
/*!40101 SET @saved_cs_client     = @@character_set_client */;
/*!40101 SET character_set_client = utf8 */;
CREATE TABLE `review_print` (
  `Key_ID` int(11) NOT NULL AUTO_INCREMENT,
  `Batch_ID` varchar(10) DEFAULT NULL COMMENT '批次',
  `Review_Type` varchar(10) DEFAULT NULL COMMENT '职称类别',
  `Reviewer_ID` int(11) DEFAULT NULL COMMENT '评审人ID',
  `Reviewer_IP` varchar(20) DEFAULT NULL,
  `Create_User_ID` varchar(20) DEFAULT NULL COMMENT '创建人',
  `Create_Date_Time` datetime DEFAULT NULL COMMENT '创建时间',
  `Modify_User_ID` varchar(20) DEFAULT NULL COMMENT '最后修改人',
  `Modify_Date_Time` datetime DEFAULT NULL COMMENT '最后修改时间',
  `Delete_Flag` char(1) DEFAULT NULL COMMENT '删除标记（1有效、2无效）',
  PRIMARY KEY (`Key_ID`)
) ENGINE=InnoDB AUTO_INCREMENT=1108 DEFAULT CHARSET=utf8 COMMENT='评审打印结果信息表';
/*!40101 SET character_set_client = @saved_cs_client */;

--
-- Dumping data for table `review_print`
--

LOCK TABLES `review_print` WRITE;
/*!40000 ALTER TABLE `review_print` DISABLE KEYS */;
/*!40000 ALTER TABLE `review_print` ENABLE KEYS */;
UNLOCK TABLES;

--
-- Table structure for table `review_quota`
--

DROP TABLE IF EXISTS `review_quota`;
/*!40101 SET @saved_cs_client     = @@character_set_client */;
/*!40101 SET character_set_client = utf8 */;
CREATE TABLE `review_quota` (
  `Unit_ID` int(11) NOT NULL AUTO_INCREMENT COMMENT 'ID',
  `Batch_ID` varchar(10) DEFAULT NULL COMMENT '批次',
  `Review_Type` varchar(10) DEFAULT NULL COMMENT '职称类别',
  `Quota_Type` varchar(10) DEFAULT NULL,
  `Num` int(3) DEFAULT NULL COMMENT '指标',
  `View_Level_No` int(10) DEFAULT NULL,
  `Memo` varchar(200) DEFAULT NULL COMMENT '备注',
  `Create_User_ID` varchar(20) DEFAULT NULL COMMENT '创建人',
  `Create_Date_Time` datetime DEFAULT NULL COMMENT '创建时间',
  `Modify_User_ID` varchar(20) DEFAULT NULL COMMENT '最后修改人',
  `Modify_Date_Time` datetime DEFAULT NULL COMMENT '最后修改时间',
  `Delete_Flag` char(1) DEFAULT NULL COMMENT '删除标记（1有效、2无效）',
  PRIMARY KEY (`Unit_ID`)
) ENGINE=InnoDB AUTO_INCREMENT=210 DEFAULT CHARSET=utf8;
/*!40101 SET character_set_client = @saved_cs_client */;

--
-- Dumping data for table `review_quota`
--

LOCK TABLES `review_quota` WRITE;
/*!40000 ALTER TABLE `review_quota` DISABLE KEYS */;
INSERT INTO `review_quota` VALUES (178,'201302','1121','1201',1,1,'白俊华','管理员','2013-11-01 14:28:30',NULL,NULL,'1'),(179,'201302','1121','1201',1,2,'伍先江','管理员','2013-11-01 14:28:30',NULL,NULL,'1'),(180,'201302','1121','1201',1,3,'赵桂芬,杨郁娟','管理员','2013-11-01 14:28:30',NULL,NULL,'1'),(181,'201302','1121','1201',1,5,'彭知辉','管理员','2013-11-01 14:28:30',NULL,NULL,'1'),(182,'201302','1121','1201',2,6,'张纯琍,李春雷,王世卿,靳高风,梅建明','管理员','2013-11-01 14:28:30',NULL,NULL,'1'),(183,'201302','1121','1201',1,11,'刘宏斌,张杰','管理员','2013-11-01 14:28:30',NULL,NULL,'1'),(184,'201302','1121','1201',1,13,'章小辉','管理员','2013-11-01 14:28:30',NULL,NULL,'1'),(185,'201302','1121','1201',1,14,'熊允发','管理员','2013-11-01 14:28:30',NULL,NULL,'1'),(186,'201302','1122','1202',2,15,'郭威,高树辉,曹英,张立频','管理员','2013-11-01 14:28:30',NULL,NULL,'1'),(187,'201302','1131','1201',2,1,'李桂芝,赵锋,熊威,王雪琴','管理员','2013-11-01 14:30:31',NULL,NULL,'1'),(188,'201302','1131','1201',2,5,'沈国琴,高华,叶晓川,杨金彪','管理员','2013-11-01 14:30:31',NULL,NULL,'1'),(189,'201302','1131','1201',1,9,'陈慧君','管理员','2013-11-01 14:30:31',NULL,NULL,'1'),(190,'201302','1131','1201',1,10,'孙先伟','管理员','2013-11-01 14:30:31',NULL,NULL,'1'),(191,'201302','1131','1201',1,11,'谢丽丽,胡隽,刘君玲','管理员','2013-11-01 14:30:31',NULL,NULL,'1'),(192,'201302','1131','1201',-1,14,'王二院','管理员','2013-11-01 14:30:31',NULL,NULL,'1'),(193,'201302','1131','1201',1,15,'徐丹丹,韩春梅','管理员','2013-11-01 14:30:31',NULL,NULL,'1'),(194,'201302','1131','1201',1,17,'樊守政','管理员','2013-11-01 14:30:31',NULL,NULL,'1'),(195,'201302','1131','1201',1,18,'刘兆','管理员','2013-11-01 14:30:31',NULL,NULL,'1'),(196,'201302','1131','1201',2,19,'郑涛,赵兴涛','管理员','2013-11-01 14:30:32',NULL,NULL,'1'),(197,'201302','1131','1201',1,21,'张建岭','管理员','2013-11-01 14:30:32',NULL,NULL,'1'),(198,'201302','1132','1201',2,22,'孔繁燕,杜治国,孙永生,高航,郑英力,程文亮,王欣','管理员','2013-11-01 14:30:32',NULL,NULL,'1'),(199,'201302','1132','1203',-1,29,'徐志红','管理员','2013-11-01 14:30:32',NULL,NULL,'1'),(200,'201302','1132','1203',-1,30,'张吉春','管理员','2013-11-01 14:30:32',NULL,NULL,'1'),(201,'201302','1141','1201',-1,1,'左琳,杨雪,庄海燕','管理员','2013-11-01 14:30:41',NULL,NULL,'1'),(202,'201302','1141','1201',-1,4,'李波','管理员','2013-11-01 14:30:41',NULL,NULL,'1'),(203,'201302','1141','1201',-1,5,'王浩,钟东荣,程艳,潘惠敏,黄新伟,廖广军','管理员','2013-11-01 14:30:41',NULL,NULL,'1'),(204,'201302','1141','1201',-1,11,'覃进标,赵桂生','管理员','2013-11-01 14:30:42',NULL,NULL,'1'),(205,'2014011120','1121','1201',-1,1,'程琳','管理员','2014-01-15 13:05:07',NULL,NULL,'1'),(206,'2014011120','1121','1201',2,2,'郭文丽,李桂芝,赵锋,熊威','管理员','2014-01-15 13:06:03',NULL,NULL,'1'),(207,'2014011120','1121','1201',1,3,'白俊华,王雪琴,杨金彪','管理员','2014-01-15 13:29:11',NULL,'2014-01-15 13:30:35','1'),(208,'2014011130','1131','1201',1,1,'郭文丽,李桂芝,赵锋','管理员','2014-01-15 16:39:57',NULL,NULL,'1'),(209,'2014011130','1131','1201',2,2,'熊威,王雪琴,白俊华,杨金彪','管理员','2014-01-15 16:40:17',NULL,NULL,'1');
/*!40000 ALTER TABLE `review_quota` ENABLE KEYS */;
UNLOCK TABLES;

--
-- Table structure for table `review_quota_teacher`
--

DROP TABLE IF EXISTS `review_quota_teacher`;
/*!40101 SET @saved_cs_client     = @@character_set_client */;
/*!40101 SET character_set_client = utf8 */;
CREATE TABLE `review_quota_teacher` (
  `Unit_ID` int(11) NOT NULL COMMENT '评审单元ID',
  `Teacher_ID` varchar(20) NOT NULL COMMENT '教师ID',
  PRIMARY KEY (`Unit_ID`,`Teacher_ID`)
) ENGINE=InnoDB DEFAULT CHARSET=utf8;
/*!40101 SET character_set_client = @saved_cs_client */;

--
-- Dumping data for table `review_quota_teacher`
--

LOCK TABLES `review_quota_teacher` WRITE;
/*!40000 ALTER TABLE `review_quota_teacher` DISABLE KEYS */;
INSERT INTO `review_quota_teacher` VALUES (178,'20051003'),(179,'20051004'),(180,'20051006'),(180,'20051007'),(181,'20051008'),(182,'20051009'),(182,'20051010'),(182,'20051011'),(182,'20051012'),(182,'20051013'),(183,'20051014'),(183,'20051015'),(184,'20051016'),(185,'20051017'),(186,'20051018'),(186,'20051019'),(186,'20051020'),(186,'20051021'),(187,'20051022'),(187,'20051023'),(187,'20051024'),(187,'20051025'),(188,'20051026'),(188,'20051027'),(188,'20051028'),(188,'20051029'),(189,'20051030'),(190,'20051031'),(191,'20051032'),(191,'20051033'),(191,'20051034'),(192,'20051035'),(193,'20051036'),(193,'20051037'),(194,'20051038'),(195,'20051039'),(196,'20051040'),(196,'20051041'),(197,'20051042'),(198,'20051043'),(198,'20051044'),(198,'20051045'),(198,'20051046'),(198,'20051047'),(198,'20051048'),(198,'20051049'),(199,'20051050'),(200,'20051051'),(201,'20051053'),(201,'20051054'),(201,'20051055'),(202,'20051056'),(203,'20051057'),(203,'20051058'),(203,'20051059'),(203,'20051060'),(203,'20051061'),(203,'20051062'),(204,'20051063'),(204,'20051064'),(205,'20051001'),(206,'20051002'),(206,'20051022'),(206,'20051023'),(206,'20051024'),(207,'20051003'),(207,'20051025'),(207,'20051026'),(208,'20051002'),(208,'20051022'),(208,'20051023'),(209,'20051003'),(209,'20051024'),(209,'20051025'),(209,'20051026');
/*!40000 ALTER TABLE `review_quota_teacher` ENABLE KEYS */;
UNLOCK TABLES;

--
-- Table structure for table `review_result`
--

DROP TABLE IF EXISTS `review_result`;
/*!40101 SET @saved_cs_client     = @@character_set_client */;
/*!40101 SET character_set_client = utf8 */;
CREATE TABLE `review_result` (
  `Unit_ID` int(11) NOT NULL COMMENT '评审单元ID',
  `Teacher_ID` varchar(20) NOT NULL COMMENT '教师ID',
  `Reviewer_ID` int(11) NOT NULL COMMENT '评审人ID',
  `Create_Date_Time` date DEFAULT NULL COMMENT '创建时间',
  PRIMARY KEY (`Unit_ID`,`Teacher_ID`,`Reviewer_ID`)
) ENGINE=InnoDB DEFAULT CHARSET=utf8;
/*!40101 SET character_set_client = @saved_cs_client */;

--
-- Dumping data for table `review_result`
--

LOCK TABLES `review_result` WRITE;
/*!40000 ALTER TABLE `review_result` DISABLE KEYS */;
/*!40000 ALTER TABLE `review_result` ENABLE KEYS */;
UNLOCK TABLES;

--
-- Table structure for table `sys_dept`
--

DROP TABLE IF EXISTS `sys_dept`;
/*!40101 SET @saved_cs_client     = @@character_set_client */;
/*!40101 SET character_set_client = utf8 */;
CREATE TABLE `sys_dept` (
  `Dept_ID` varchar(10) NOT NULL COMMENT '部门ID',
  `Dept_Name` varchar(100) DEFAULT NULL COMMENT '部门名称',
  `Link_Man` varchar(10) DEFAULT NULL COMMENT '联系人',
  `Telephone` varchar(20) DEFAULT NULL COMMENT '联系电话',
  `Parent_ID` varchar(10) DEFAULT NULL COMMENT '父ID',
  `View_Level_No` int(10) DEFAULT NULL,
  `Memo` varchar(200) DEFAULT NULL COMMENT '备注',
  `Create_User_ID` varchar(20) DEFAULT NULL COMMENT '创建人',
  `Create_Date_Time` datetime DEFAULT NULL COMMENT '创建时间',
  `Modify_User_ID` varchar(20) DEFAULT NULL COMMENT '最后修改人',
  `Modify_Date_Time` datetime DEFAULT NULL COMMENT '最后修改时间',
  `Delete_Flag` char(1) DEFAULT NULL COMMENT '删除标记（1有效、2无效）',
  PRIMARY KEY (`Dept_ID`)
) ENGINE=InnoDB DEFAULT CHARSET=utf8;
/*!40101 SET character_set_client = @saved_cs_client */;

--
-- Dumping data for table `sys_dept`
--

LOCK TABLES `sys_dept` WRITE;
/*!40000 ALTER TABLE `sys_dept` DISABLE KEYS */;
INSERT INTO `sys_dept` VALUES ('1000','校领导','','','0',1,'',NULL,'2013-07-30 00:00:00',NULL,'2013-07-30 00:00:00','1'),('1001','人文部','','','0',2,'',NULL,'2013-07-30 00:00:00',NULL,'2013-07-30 00:00:00','1'),('1002','法律系','','','0',3,'',NULL,'2013-07-30 00:00:00',NULL,'2013-07-30 00:00:00','1'),('1003','治安系','','','0',4,'',NULL,'2013-07-30 00:00:00',NULL,'2013-07-30 00:00:00','1'),('1004','侦查系','','','0',5,'',NULL,'2013-07-30 00:00:00',NULL,'2013-07-30 00:00:00','1'),('1005','情报学系','','','0',6,'',NULL,'2013-07-30 00:00:00',NULL,'2013-07-30 00:00:00','1'),('1006','犯罪学系','','','0',7,'',NULL,'2013-07-30 00:00:00',NULL,'2013-07-30 00:00:00','1'),('1007','外警系','','','0',8,'',NULL,'2013-07-30 00:00:00',NULL,'2013-07-30 00:00:00','1'),('1008','指挥战术系','','','0',9,'',NULL,'2013-07-30 00:00:00',NULL,'2013-07-30 00:00:00','1'),('1009','信息系','','','0',10,'',NULL,'2013-07-30 00:00:00',NULL,'2013-07-30 00:00:00','1'),('1010','管理系','','','0',11,'',NULL,'2013-07-30 00:00:00',NULL,'2013-07-30 00:00:00','1'),('1011','刑科技系','','','0',12,'',NULL,'2013-07-30 00:00:00',NULL,'2013-07-30 00:00:00','1'),('1012','图书馆','','','0',13,'',NULL,'2013-07-30 00:00:00',NULL,'2013-07-30 00:00:00','1'),('1013','安防系','','','0',14,'',NULL,'2013-07-30 00:00:00',NULL,'2013-07-30 00:00:00','1'),('1014','教务处','','','0',15,'',NULL,'2013-07-30 00:00:00',NULL,'2013-07-30 00:00:00','1'),('1015','进修部','','','0',16,'',NULL,'2013-07-30 00:00:00',NULL,'2013-07-30 00:00:00','1'),('1016','继教院','','','0',11,'',NULL,'2013-07-30 00:00:00',NULL,'2013-09-08 17:28:39','1'),('1017','学生处','','','0',18,'',NULL,'2013-07-30 00:00:00',NULL,'2013-07-30 00:00:00','1'),('1018','交管系','','','0',19,'',NULL,'2013-07-30 00:00:00',NULL,'2013-07-30 00:00:00','1'),('1019','科研处','','','0',20,'',NULL,'2013-07-30 00:00:00',NULL,'2013-07-30 00:00:00','1'),('1101','铁道警官高等专科学校','','','0',31,'',NULL,'2013-09-08 23:00:58',NULL,'2013-09-08 23:59:28',NULL),('1102','北京警察学院','','','0',32,'',NULL,'2013-09-08 23:01:46',NULL,'2013-09-08 23:02:57','1'),('1103','广东警官学院','','','0',33,'',NULL,'2013-09-08 23:02:02',NULL,'2013-09-08 23:03:07','1'),('1104','广西警官高等专科学校','','','0',34,'',NULL,'2013-09-08 23:02:22',NULL,'2013-09-08 23:03:14','1');
/*!40000 ALTER TABLE `sys_dept` ENABLE KEYS */;
UNLOCK TABLES;

--
-- Table structure for table `sys_parameter`
--

DROP TABLE IF EXISTS `sys_parameter`;
/*!40101 SET @saved_cs_client     = @@character_set_client */;
/*!40101 SET character_set_client = utf8 */;
CREATE TABLE `sys_parameter` (
  `Parameter_ID` varchar(10) NOT NULL COMMENT '参数ID',
  `Parameter_Name` varchar(100) DEFAULT NULL COMMENT '参数名称',
  `Parameter_Value` varchar(100) DEFAULT NULL COMMENT '参数值',
  `Parent_ID` varchar(10) DEFAULT NULL COMMENT '父ID',
  `Remark` varchar(200) DEFAULT NULL COMMENT '备注',
  `Create_User_ID` varchar(20) DEFAULT NULL COMMENT '创建人',
  `Create_Date_Time` date DEFAULT NULL COMMENT '创建时间',
  `Modify_User_ID` varchar(20) DEFAULT NULL COMMENT '最后修改人',
  `Modify_Date_Time` date DEFAULT NULL COMMENT '最后修改时间',
  `Delete_Flag` char(1) DEFAULT NULL COMMENT '删除标记（1有效、2无效）',
  PRIMARY KEY (`Parameter_ID`)
) ENGINE=InnoDB DEFAULT CHARSET=utf8;
/*!40101 SET character_set_client = @saved_cs_client */;

--
-- Dumping data for table `sys_parameter`
--

LOCK TABLES `sys_parameter` WRITE;
/*!40000 ALTER TABLE `sys_parameter` DISABLE KEYS */;
INSERT INTO `sys_parameter` VALUES ('1000','文章类型','','0','',NULL,NULL,NULL,'2013-09-23','1'),('1001','中心介绍','1202','1000','',NULL,NULL,NULL,'2013-07-11','1'),('1100','职称类型','','0',NULL,NULL,NULL,NULL,NULL,'1'),('1120','教授，其他正高职',NULL,'1100',NULL,NULL,NULL,NULL,NULL,'1'),('1121','教授','','1100',NULL,NULL,NULL,NULL,NULL,'1'),('1122','正高职','','1100',NULL,NULL,NULL,NULL,NULL,'1'),('1130','副教授，其他副高职',NULL,'1100',NULL,NULL,NULL,NULL,NULL,'1'),('1131','副教授',NULL,'1100',NULL,NULL,NULL,NULL,NULL,'1'),('1132','副高职',NULL,'1100',NULL,NULL,NULL,NULL,NULL,'1'),('1140','委托评审',NULL,'1100',NULL,NULL,NULL,NULL,NULL,'1'),('1141','委托','','1100','',NULL,'2013-09-09',NULL,'2013-10-15','1'),('1150','讲师，其他中职','','1100','',NULL,'2013-09-26',NULL,'2013-09-26','1'),('1151','讲师','','1100','',NULL,'2013-09-26',NULL,'2013-09-26','1'),('1152','其他中职','','1100','',NULL,'2013-09-26',NULL,'2013-09-26','1'),('1200','指标类别','','0','',NULL,NULL,NULL,'2013-08-26','1'),('1201','有可聘指标','','1200','',NULL,NULL,NULL,'2013-08-26','1'),('1202','竞争资格指标','','1200','',NULL,NULL,NULL,'2013-08-26','1'),('1203','转系列','','1200','',NULL,NULL,NULL,'2013-08-26','1'),('1300','主题目录','','0',NULL,NULL,NULL,NULL,NULL,'1'),('1301','前台目录','theme','1300',NULL,NULL,NULL,NULL,NULL,'1'),('1302','后台目录','theme_admin','1300',NULL,NULL,NULL,NULL,NULL,'1'),('1400','当前批次','201201','0','',NULL,'2013-08-27',NULL,'2014-01-15','1'),('1500','IP限制',NULL,'0',NULL,NULL,NULL,NULL,NULL,'1'),('1501','IP起始值','0.0.0.0','1500','',NULL,NULL,NULL,'2013-10-16','1'),('1502','IP终止值','255.255.255.255','1500',NULL,NULL,NULL,NULL,NULL,'1');
/*!40000 ALTER TABLE `sys_parameter` ENABLE KEYS */;
UNLOCK TABLES;

--
-- Table structure for table `sys_teacher`
--

DROP TABLE IF EXISTS `sys_teacher`;
/*!40101 SET @saved_cs_client     = @@character_set_client */;
/*!40101 SET character_set_client = utf8 */;
CREATE TABLE `sys_teacher` (
  `User_ID` int(11) NOT NULL AUTO_INCREMENT COMMENT '用户ID',
  `Dept_ID` varchar(10) DEFAULT NULL COMMENT '公司ID',
  `User_Name` varchar(50) DEFAULT NULL COMMENT '用户名',
  `Login_Name` varchar(50) DEFAULT NULL COMMENT '登录名',
  `Login_Pwd` varchar(20) DEFAULT NULL COMMENT '登录密码',
  `Mobile` varchar(20) DEFAULT NULL COMMENT '手机',
  `Office_Tel` varchar(20) DEFAULT NULL COMMENT '办公电话',
  `Email` varchar(100) DEFAULT NULL COMMENT 'Email',
  `Fax` varchar(50) DEFAULT NULL COMMENT '传真',
  `Position` varchar(20) DEFAULT NULL COMMENT '职位',
  `Create_User_ID` varchar(20) DEFAULT NULL COMMENT '创建人',
  `Create_Date_Time` date DEFAULT NULL COMMENT '创建时间',
  `Modify_User_ID` varchar(20) DEFAULT NULL COMMENT '最后修改人',
  `Modify_Date_Time` date DEFAULT NULL COMMENT '最后修改时间',
  `Delete_Flag` char(1) DEFAULT NULL COMMENT '删除标记（1有效、2无效）',
  `User_No` varchar(20) DEFAULT NULL,
  PRIMARY KEY (`User_ID`)
) ENGINE=InnoDB AUTO_INCREMENT=32 DEFAULT CHARSET=utf8;
/*!40101 SET character_set_client = @saved_cs_client */;

--
-- Dumping data for table `sys_teacher`
--

LOCK TABLES `sys_teacher` WRITE;
/*!40000 ALTER TABLE `sys_teacher` DISABLE KEYS */;
INSERT INTO `sys_teacher` VALUES (5,'1001','郭老师','teacher01','1234.0','1.36E10','010-88888888','teacher@163.com',NULL,'教师',NULL,'2013-07-30',NULL,'2013-07-30','1','1023.0'),(6,'1001','李老师','teacher02','1234.0','1.36E10','010-88888889','teacher@164.com',NULL,'教师',NULL,'2013-07-30',NULL,'2013-07-30','1','1024.0'),(7,'1001','赵老师','teacher03','1234.0','1.36E10','010-88888890','teacher@165.com',NULL,'教师',NULL,'2013-07-30',NULL,'2013-07-30','1','1025.0'),(8,'1001','熊老师','teacher04','1234.0','1.36E10','010-88888891','teacher@166.com',NULL,'教师',NULL,'2013-07-30',NULL,'2013-07-30','1','1026.0'),(9,'1001','王老师1','teacher05','1234.0','1.36E10','010-88888892','teacher@167.com',NULL,'教师',NULL,'2013-07-30',NULL,'2013-07-30','1','1027.0'),(10,'1002','王老师2','teacher06','1234.0','1.36E10','010-88888893','teacher@168.com',NULL,'教师',NULL,'2013-07-30',NULL,'2013-07-30','1','1028.0'),(11,'1002','王老师3','teacher07','1234.0','1.36E10','010-88888894','teacher@169.com',NULL,'教师',NULL,'2013-07-30',NULL,'2013-07-30','1','1029.0'),(12,'1002','王老师4','teacher08','1234.0','1.36E10','010-88888895','teacher@170.com',NULL,'教师',NULL,'2013-07-30',NULL,'2013-07-30','1','1030.0'),(13,'1002','王老师5','teacher09','1234.0','1.36E10','010-88888896','teacher@171.com',NULL,'教师',NULL,'2013-07-30',NULL,'2013-07-30','1','1031.0'),(14,'1002','王老师6','teacher10','1234.0','1.36E10','010-88888897','teacher@172.com',NULL,'教师',NULL,'2013-07-30',NULL,'2013-07-30','1','1032.0'),(15,'1003','王老师7','teacher11','1234.0','1.36E10','010-88888898','teacher@173.com',NULL,'教师',NULL,'2013-07-30',NULL,'2013-07-30','1','1033.0'),(16,'1003','王老师8','teacher12','1234.0','1.36E10','010-88888899','teacher@174.com',NULL,'教师',NULL,'2013-07-30',NULL,'2013-07-30','1','1034.0'),(17,'1004','王老师9','teacher13','1234.0','1.36E10','010-88888900','teacher@175.com',NULL,'教师',NULL,'2013-07-30',NULL,'2013-07-30','1','1035.0'),(18,'1004','王老师10','teacher14','1234.0','1.36E10','010-88888901','teacher@176.com',NULL,'教师',NULL,'2013-07-30',NULL,'2013-07-30','1','1036.0'),(19,'1004','王老师11','teacher15','1234.0','1.36E10','010-88888902','teacher@177.com',NULL,'教师',NULL,'2013-07-30',NULL,'2013-07-30','1','1037.0'),(20,'1004','王老师12','teacher16','1234.0','1.36E10','010-88888903','teacher@178.com',NULL,'教师',NULL,'2013-07-30',NULL,'2013-07-30','1','1038.0'),(21,'1006','王老师13','teacher17','1234.0','1.36E10','010-88888904','teacher@179.com',NULL,'教师',NULL,'2013-07-30',NULL,'2013-07-30','1','1039.0'),(22,'1006','王老师14','teacher18','1234.0','1.36E10','010-88888905','teacher@180.com',NULL,'教师',NULL,'2013-07-30',NULL,'2013-07-30','1','1040.0'),(23,'1006','王老师15','teacher19','1234.0','1.36E10','010-88888906','teacher@181.com',NULL,'教师',NULL,'2013-07-30',NULL,'2013-07-30','1','1041.0'),(24,'1006','王老师16','teacher20','1234.0','1.36E10','010-88888907','teacher@182.com',NULL,'教师',NULL,'2013-07-30',NULL,'2013-07-30','1','1042.0'),(25,'1006','王老师17','teacher21','1234.0','1.36E10','010-88888908','teacher@183.com',NULL,'教师',NULL,'2013-07-30',NULL,'2013-07-30','1','1043.0'),(26,'1006','王老师18','teacher22','1234.0','1.36E10','010-88888909','teacher@184.com',NULL,'教师',NULL,'2013-07-30',NULL,'2013-07-30','1','1044.0'),(27,'1006','王老师19','teacher23','1234.0','1.36E10','010-88888910','teacher@185.com',NULL,'教师',NULL,'2013-07-30',NULL,'2013-07-30','1','1045.0'),(28,'1006','王老师20','teacher24','1234.0','1.36E10','010-88888911','teacher@186.com',NULL,'教师',NULL,'2013-07-30',NULL,'2013-07-30','1','1046.0'),(29,'1010','王老师21','teacher25','1234.0','1.36E10','010-88888912','teacher@187.com',NULL,'教师',NULL,'2013-07-30',NULL,'2013-07-30','1','1047.0'),(30,'1010','王老师22','teacher26','1234.0','1.36E10','010-88888913','teacher@188.com',NULL,'教师',NULL,'2013-07-30',NULL,'2013-07-30','1','1048.0'),(31,'1010','王老师23','teacher27','1234.0','1.36E10','010-88888914','teacher@189.com',NULL,'教师',NULL,'2013-07-30',NULL,'2013-07-30','1','1049.0');
/*!40000 ALTER TABLE `sys_teacher` ENABLE KEYS */;
UNLOCK TABLES;

--
-- Table structure for table `teacher_award`
--

DROP TABLE IF EXISTS `teacher_award`;
/*!40101 SET @saved_cs_client     = @@character_set_client */;
/*!40101 SET character_set_client = utf8 */;
CREATE TABLE `teacher_award` (
  `Key_ID` int(11) NOT NULL AUTO_INCREMENT COMMENT '主键ID',
  `Year` varchar(4) DEFAULT NULL COMMENT '年度',
  `User_No` varchar(20) DEFAULT NULL COMMENT '工号',
  `Award_Info` varchar(2000) DEFAULT NULL COMMENT '奖励信息',
  `Create_User_ID` varchar(20) DEFAULT NULL COMMENT '创建人',
  `Create_Date_Time` datetime DEFAULT NULL COMMENT '创建时间',
  `Modify_User_ID` varchar(20) DEFAULT NULL COMMENT '最后修改人',
  `Modify_Date_Time` datetime DEFAULT NULL COMMENT '最后修改时间',
  `Delete_Flag` char(1) DEFAULT NULL COMMENT '删除标记（1有效、2无效）',
  PRIMARY KEY (`Key_ID`)
) ENGINE=InnoDB AUTO_INCREMENT=173 DEFAULT CHARSET=utf8;
/*!40101 SET character_set_client = @saved_cs_client */;

--
-- Dumping data for table `teacher_award`
--

LOCK TABLES `teacher_award` WRITE;
/*!40000 ALTER TABLE `teacher_award` DISABLE KEYS */;
INSERT INTO `teacher_award` VALUES (87,'2013','20051002','1、06年嘉奖；2、07年校讲课比赛二等奖；3、11年校模范教师，三等功。',NULL,'2013-09-26 10:45:46',NULL,'2013-09-26 10:45:46','1'),(88,'2013','20051003','1、99年校优秀论文三等奖；2、99年金盾图书奖三等奖；3、00年优秀教学质量奖；4、04年教师网站评比一等奖；5、05年优秀教案奖；6、05年嘉奖；7、06年通报表扬；8、07年校教学成果三等奖；9、09年通报表扬。',NULL,'2013-09-26 10:45:46',NULL,'2013-09-26 10:45:46','1'),(89,'2013','20051004','11年校优秀教师。',NULL,'2013-09-26 10:45:46',NULL,'2013-09-26 10:45:46','1'),(90,'2013','20051006','1、06年校教学成果三等奖2项；2、11年公安部五局研讨会征文一等奖。',NULL,'2013-09-26 10:45:46',NULL,'2013-09-26 10:45:46','1'),(91,'2013','20051007','1、10年校优秀教师，嘉奖；2、12年民族事务委员会调研报告一等奖。',NULL,'2013-09-26 10:45:46',NULL,'2013-09-26 10:45:46','1'),(92,'2013','20051008','1、06年校多媒体课件二等奖；2、09年通报表扬；3、09年校优秀共产党员，三等功；4、11年校科研成果三等奖。',NULL,'2013-09-26 10:45:46',NULL,'2013-09-26 10:45:46','1'),(93,'2013','20051009','1、06年校教学成果三等奖；2、05年公安部金盾工程征文三等奖；3、06年公安部优秀论文三等奖。',NULL,'2013-09-26 10:45:46',NULL,'2013-09-26 10:45:46','1'),(94,'2013','20051010','1、99年犯罪学学术研讨会二等奖；2、99年金盾图书奖三等奖；3、00年北京市哲学社会科学成果一等奖；4、00年公安部优秀教材一等奖；5、00年犯罪学学术研讨会二等奖；6、00年国际犯罪预防研讨会三等奖；7、02年教育部优秀青年教师资助奖励；8、02年犯罪学学术研讨会三等奖；9、03年中国犯罪学十年优秀科研奖；10、04年嘉奖；12、04年校优秀教材奖；13、06年校优秀教学成果奖一等奖；14、11年校优秀教学成果奖二、三等奖各1项。',NULL,'2013-09-26 10:45:46',NULL,'2013-09-26 10:45:46','1'),(95,'2013','20051011','1、08年公安部优秀教材三等奖；2、09年通报表扬；3、10年河南发展研究奖三等奖；4、11年校科研成果奖三等奖；5、11年校教学成果二等奖、三等奖；6、12年中国犯罪学会科研成果奖二等奖。',NULL,'2013-09-26 10:45:46',NULL,'2013-09-26 10:45:46','1'),(96,'2013','20051012','1、05年校科研成果三等奖；2、07年校科研成果三等奖；3、11年校科研成果二等奖；4、11年民政部科研成果三等奖；5、11年校优秀教师。',NULL,'2013-09-26 10:45:46',NULL,'2013-09-26 10:45:46','1'),(97,'2013','20051014','1、11年校课堂教学比赛二等奖。',NULL,'2013-09-26 10:45:46',NULL,'2013-09-26 10:45:46','1'),(98,'2013','20051016','1、04年校教学成果二等奖；2、05年北京市高等教育科研成果三等奖；3、06年校教学成果三等奖2项；4、06年通报表扬；5、11年校教学成果三等奖。',NULL,'2013-09-26 10:45:46',NULL,'2013-09-26 10:45:46','1'),(99,'2013','20051017','1、05年被聘为校中青年骨干教师；2、09年讲课比赛一等奖。',NULL,'2013-09-26 10:45:46',NULL,'2013-09-26 10:45:46','1'),(100,'2013','20051018','1、99年校人文社科研究成果一等奖；2、10年校模范教师；3、10年校讲课比赛二等奖；4、10年三等功；5、10年公安部机关征文优秀奖；6、11年校科研成果二等奖；7、11年校优秀教师。',NULL,'2013-09-26 10:45:46',NULL,'2013-09-26 10:45:46','1'),(101,'2013','20051019','1、03年全国多媒体教育软件大赛三等奖；2、04年北京市师德先进个人；3、05年被聘为中青年骨干教师；4、05年嘉奖；5、06年三等功；6、06年嘉奖；7、06年校级多媒体课件一等奖；8、07年公安部直属机关“十佳青年”，记三等功一次；9、09年校优秀教师；10、09年公安部科技进步三等奖。',NULL,'2013-09-26 10:45:47',NULL,'2013-09-26 10:45:47','1'),(102,'2013','20051020','1、04年嘉奖；2、05年通报表扬；3、06年校级多媒体课件一等奖；4、06年校工会积极分子；5、06年校教学成果一等奖；6、06年公安部教学成果三等奖；5、09年校讲课比赛三等奖；6、10年校巾帼育人标兵；7、11年校教学成果三等奖；8、12年公安部教学成果一等奖。',NULL,'2013-09-26 10:45:47',NULL,'2013-09-26 10:45:47','1'),(103,'2013','20051021','1、11年党员示范窗口；2、10年图书馆学会征文二等奖；3、11年图书馆情报学研讨会三等奖。',NULL,'2013-09-26 10:45:47',NULL,'2013-09-26 10:45:47','1'),(104,'2013','20051023','1、95年校教学质量奖；2、96年校优秀论文二等奖；3、96年校教学质量奖；4、97年校教学质量奖；5、97年校本科教学合格评价二等奖；6、01年校师德先进个人。',NULL,'2013-09-26 10:45:47',NULL,'2013-09-26 10:45:47','1'),(105,'2013','20051024','1、05年公安部教学成果三等奖；2、12年公安高等教育部级教学成果二等奖。',NULL,'2013-09-26 10:45:47',NULL,'2013-09-26 10:45:47','1'),(106,'2013','20051025','1、97年校本科教学合格评价二等奖；2、97年校教学质量奖；3、98年公安部部属高校青年教师讲课比赛三等奖；4、07年北京市讲课比赛二等奖。',NULL,'2013-09-26 10:45:47',NULL,'2013-09-26 10:45:47','1'),(107,'2013','20051026','11年校模范教师。',NULL,'2013-09-26 10:45:47',NULL,'2013-09-26 10:45:47','1'),(108,'2013','20051027','1、09年校讲课比赛三等奖；2、10年校优秀教师。',NULL,'2013-09-26 10:45:47',NULL,'2013-09-26 10:45:47','1'),(109,'2013','20051029','08年平安奥运行动三等功。',NULL,'2013-09-26 10:45:47',NULL,'2013-09-26 10:45:47','1'),(110,'2013','20051030','1、06年校教学成果二等奖；2、09年校讲课比赛三等奖；3、11年校教学成果三等奖；4、12年公安部院校教学技能大赛一等奖,校三等功。',NULL,'2013-09-26 10:45:47',NULL,'2013-09-26 10:45:47','1'),(111,'2013','20051031','1、02年国保研讨会论文三等奖；2、03年校个人网站设计优秀奖；3、05年国保研讨会论文二等奖、优秀奖各1项；4、09年国保研讨会二等奖2项。',NULL,'2013-09-26 10:45:47',NULL,'2013-09-26 10:45:47','1'),(112,'2013','20051032','1、06年人社部论文优秀奖；2、10年公安管理研究分会征文三等奖；3、11年积极警务下的社会管理创新征文优秀论文；4、10年民政部理论研究课题三等奖；5、11年中国法学会论文三等奖；6、11年民政部理论研究课题三等奖。',NULL,'2013-09-26 10:45:47',NULL,'2013-09-26 10:45:47','1'),(113,'2013','20051033','1、05年卫生部论文三等奖；2、05年校讲课比赛二等奖；3、05年校多媒体比赛二等奖。',NULL,'2013-09-26 10:45:47',NULL,'2013-09-26 10:45:47','1'),(114,'2013','20051034','09年嘉奖。',NULL,'2013-09-26 10:45:47',NULL,'2013-09-26 10:45:47','1'),(115,'2013','20051035','07年公安管理研究分会优秀论文奖。',NULL,'2013-09-26 10:45:47',NULL,'2013-09-26 10:45:47','1'),(116,'2013','20051036','1、06年校讲课比赛三等奖；2、11年中国警察协会征文优秀奖；3、11年首都大学生暑期社会实践先进工作者。',NULL,'2013-09-26 10:45:47',NULL,'2013-09-26 10:45:47','1'),(117,'2013','20051037','1、07年公安机关学术征文优秀论文；2、08年公安机关学术征文优秀奖。3、09年公安机关学术征文三等奖；4、10年公安机关学术征文二等奖；5、11年公安机关学术征文三等奖；',NULL,'2013-09-26 10:45:47',NULL,'2013-09-26 10:45:47','1'),(118,'2013','20051038','1、10年公安机关学术征文论文二等奖；2、12年公安特警“红蓝对抗比武”受到公安部和校领导表扬。',NULL,'2013-09-26 10:45:47',NULL,'2013-09-26 10:45:47','1'),(119,'2013','20051039','1、10年讲课比赛二等奖；2、11年三等功。',NULL,'2013-09-26 10:45:47',NULL,'2013-09-26 10:45:47','1'),(120,'2013','20051040','1、04年校教学基本功比赛二等奖；2、06年北京高等学校实验工作研究会论文二等奖；3、06年通报表扬；4、04年校个人网站评比三等奖；5、06年校教学成果三等奖；6、09年校讲课比赛三等奖；7、09年全国多媒体大赛三等奖；8、11年校教学成果一等奖；9、12年公安部教学成果三等奖。',NULL,'2013-09-26 10:45:47',NULL,'2013-09-26 10:45:47','1'),(121,'2013','20051041','1、01年联合国维和勋章；2、02年联合国维和嘉奖；3、05年联合国维和勋章；4、05年公安部维和荣誉章；5、07年苏格兰国际奖学金；6、11年校优秀教师。',NULL,'2013-09-26 10:45:47',NULL,'2013-09-26 10:45:47','1'),(122,'2013','20051042','96年嘉奖。',NULL,'2013-09-26 10:45:47',NULL,'2013-09-26 10:45:47','1'),(123,'2013','20051044','1、03年优秀共产党员；2、04年北京市教学成果二等奖；3、04年校教学成果一等奖；4、06年校教学成果一、二、三等奖各1项；5、06年嘉奖；6、08年北京市教学成果二等奖；7、08年公安部教学成果二等奖；8、11年校教学成果二等奖。',NULL,'2013-09-26 10:45:47',NULL,'2013-09-26 10:45:47','1'),(124,'2013','20051045','1、06年三等功；2、09年嘉奖。',NULL,'2013-09-26 10:45:47',NULL,'2013-09-26 10:45:47','1'),(125,'2013','20051046','1、05年校科研成果三等奖；2、06年校优秀教案奖。',NULL,'2013-09-26 10:45:47',NULL,'2013-09-26 10:45:47','1'),(126,'2013','20051047','1、04年“全国青年歌手电视大奖赛”全国公安系统选拔赛获一等奖；2、04年“全国青年歌手电视大奖赛”荧屏奖；3、04年嘉奖；4、05年嘉奖；5、06年通报表扬；6、06年“全国青年歌手电视大奖赛”全国公安系统选拔赛获二等奖；7、06年北京市职工歌手大赛获美声唱法二等奖；8、09年北京市职工艺术节歌手大赛获金奖；9、09年公安部直属机关才艺评比二等奖；10、10年公安文联中国红歌会警营唱区三等奖；11、10年”全国城乡优秀歌手展演“青年组演唱银奖”；12、11年通报表扬；13、11年中国红歌会“警营十大红歌手”。',NULL,'2013-09-26 10:45:47',NULL,'2013-09-26 10:45:47','1'),(127,'2013','20051048','1、08年奥运安保三等功；2、09年世博安保嘉奖；3、09年北京市思政教育工作实效优秀奖；4、10年亚运安保嘉奖；5、10年北京市教工委征文优秀奖；6、10年公安直属机关征文三等奖；7、11年大运会安保先进个人；8、11年大运会优秀带队干部；9、11年大运会三等功。',NULL,'2013-09-26 10:45:47',NULL,'2013-09-26 10:45:47','1'),(128,'2013','20051049','08年平安奥运行动嘉奖。',NULL,'2013-09-26 10:45:47',NULL,'2013-09-26 10:45:47','1'),(129,'2013','20051050','04年嘉奖。',NULL,'2013-09-26 10:45:47',NULL,'2013-09-26 10:45:47','1'),(130,'2014','20051002','1、06年嘉奖；2、07年校讲课比赛二等奖；3、11年校模范教师，三等功。',NULL,'2014-01-15 13:03:46',NULL,'2014-01-15 13:03:46','1'),(131,'2014','20051003','1、99年校优秀论文三等奖；2、99年金盾图书奖三等奖；3、00年优秀教学质量奖；4、04年教师网站评比一等奖；5、05年优秀教案奖；6、05年嘉奖；7、06年通报表扬；8、07年校教学成果三等奖；9、09年通报表扬。',NULL,'2014-01-15 13:03:46',NULL,'2014-01-15 13:03:46','1'),(132,'2014','20051004','11年校优秀教师。',NULL,'2014-01-15 13:03:46',NULL,'2014-01-15 13:03:46','1'),(133,'2014','20051006','1、06年校教学成果三等奖2项；2、11年公安部五局研讨会征文一等奖。',NULL,'2014-01-15 13:03:46',NULL,'2014-01-15 13:03:46','1'),(134,'2014','20051007','1、10年校优秀教师，嘉奖；2、12年民族事务委员会调研报告一等奖。',NULL,'2014-01-15 13:03:46',NULL,'2014-01-15 13:03:46','1'),(135,'2014','20051008','1、06年校多媒体课件二等奖；2、09年通报表扬；3、09年校优秀共产党员，三等功；4、11年校科研成果三等奖。',NULL,'2014-01-15 13:03:46',NULL,'2014-01-15 13:03:46','1'),(136,'2014','20051009','1、06年校教学成果三等奖；2、05年公安部金盾工程征文三等奖；3、06年公安部优秀论文三等奖。',NULL,'2014-01-15 13:03:46',NULL,'2014-01-15 13:03:46','1'),(137,'2014','20051010','1、99年犯罪学学术研讨会二等奖；2、99年金盾图书奖三等奖；3、00年北京市哲学社会科学成果一等奖；4、00年公安部优秀教材一等奖；5、00年犯罪学学术研讨会二等奖；6、00年国际犯罪预防研讨会三等奖；7、02年教育部优秀青年教师资助奖励；8、02年犯罪学学术研讨会三等奖；9、03年中国犯罪学十年优秀科研奖；10、04年嘉奖；12、04年校优秀教材奖；13、06年校优秀教学成果奖一等奖；14、11年校优秀教学成果奖二、三等奖各1项。',NULL,'2014-01-15 13:03:46',NULL,'2014-01-15 13:03:46','1'),(138,'2014','20051011','1、08年公安部优秀教材三等奖；2、09年通报表扬；3、10年河南发展研究奖三等奖；4、11年校科研成果奖三等奖；5、11年校教学成果二等奖、三等奖；6、12年中国犯罪学会科研成果奖二等奖。',NULL,'2014-01-15 13:03:46',NULL,'2014-01-15 13:03:46','1'),(139,'2014','20051012','1、05年校科研成果三等奖；2、07年校科研成果三等奖；3、11年校科研成果二等奖；4、11年民政部科研成果三等奖；5、11年校优秀教师。',NULL,'2014-01-15 13:03:46',NULL,'2014-01-15 13:03:46','1'),(140,'2014','20051014','1、11年校课堂教学比赛二等奖。',NULL,'2014-01-15 13:03:46',NULL,'2014-01-15 13:03:46','1'),(141,'2014','20051016','1、04年校教学成果二等奖；2、05年北京市高等教育科研成果三等奖；3、06年校教学成果三等奖2项；4、06年通报表扬；5、11年校教学成果三等奖。',NULL,'2014-01-15 13:03:46',NULL,'2014-01-15 13:03:46','1'),(142,'2014','20051017','1、05年被聘为校中青年骨干教师；2、09年讲课比赛一等奖。',NULL,'2014-01-15 13:03:46',NULL,'2014-01-15 13:03:46','1'),(143,'2014','20051018','1、99年校人文社科研究成果一等奖；2、10年校模范教师；3、10年校讲课比赛二等奖；4、10年三等功；5、10年公安部机关征文优秀奖；6、11年校科研成果二等奖；7、11年校优秀教师。',NULL,'2014-01-15 13:03:47',NULL,'2014-01-15 13:03:47','1'),(144,'2014','20051019','1、03年全国多媒体教育软件大赛三等奖；2、04年北京市师德先进个人；3、05年被聘为中青年骨干教师；4、05年嘉奖；5、06年三等功；6、06年嘉奖；7、06年校级多媒体课件一等奖；8、07年公安部直属机关“十佳青年”，记三等功一次；9、09年校优秀教师；10、09年公安部科技进步三等奖。',NULL,'2014-01-15 13:03:47',NULL,'2014-01-15 13:03:47','1'),(145,'2014','20051020','1、04年嘉奖；2、05年通报表扬；3、06年校级多媒体课件一等奖；4、06年校工会积极分子；5、06年校教学成果一等奖；6、06年公安部教学成果三等奖；5、09年校讲课比赛三等奖；6、10年校巾帼育人标兵；7、11年校教学成果三等奖；8、12年公安部教学成果一等奖。',NULL,'2014-01-15 13:03:47',NULL,'2014-01-15 13:03:47','1'),(146,'2014','20051021','1、11年党员示范窗口；2、10年图书馆学会征文二等奖；3、11年图书馆情报学研讨会三等奖。',NULL,'2014-01-15 13:03:47',NULL,'2014-01-15 13:03:47','1'),(147,'2014','20051023','1、95年校教学质量奖；2、96年校优秀论文二等奖；3、96年校教学质量奖；4、97年校教学质量奖；5、97年校本科教学合格评价二等奖；6、01年校师德先进个人。',NULL,'2014-01-15 13:03:47',NULL,'2014-01-15 13:03:47','1'),(148,'2014','20051024','1、05年公安部教学成果三等奖；2、12年公安高等教育部级教学成果二等奖。',NULL,'2014-01-15 13:03:47',NULL,'2014-01-15 13:03:47','1'),(149,'2014','20051025','1、97年校本科教学合格评价二等奖；2、97年校教学质量奖；3、98年公安部部属高校青年教师讲课比赛三等奖；4、07年北京市讲课比赛二等奖。',NULL,'2014-01-15 13:03:47',NULL,'2014-01-15 13:03:47','1'),(150,'2014','20051026','11年校模范教师。',NULL,'2014-01-15 13:03:47',NULL,'2014-01-15 13:03:47','1'),(151,'2014','20051027','1、09年校讲课比赛三等奖；2、10年校优秀教师。',NULL,'2014-01-15 13:03:47',NULL,'2014-01-15 13:03:47','1'),(152,'2014','20051029','08年平安奥运行动三等功。',NULL,'2014-01-15 13:03:47',NULL,'2014-01-15 13:03:47','1'),(153,'2014','20051030','1、06年校教学成果二等奖；2、09年校讲课比赛三等奖；3、11年校教学成果三等奖；4、12年公安部院校教学技能大赛一等奖,校三等功。',NULL,'2014-01-15 13:03:47',NULL,'2014-01-15 13:03:47','1'),(154,'2014','20051031','1、02年国保研讨会论文三等奖；2、03年校个人网站设计优秀奖；3、05年国保研讨会论文二等奖、优秀奖各1项；4、09年国保研讨会二等奖2项。',NULL,'2014-01-15 13:03:47',NULL,'2014-01-15 13:03:47','1'),(155,'2014','20051032','1、06年人社部论文优秀奖；2、10年公安管理研究分会征文三等奖；3、11年积极警务下的社会管理创新征文优秀论文；4、10年民政部理论研究课题三等奖；5、11年中国法学会论文三等奖；6、11年民政部理论研究课题三等奖。',NULL,'2014-01-15 13:03:47',NULL,'2014-01-15 13:03:47','1'),(156,'2014','20051033','1、05年卫生部论文三等奖；2、05年校讲课比赛二等奖；3、05年校多媒体比赛二等奖。',NULL,'2014-01-15 13:03:47',NULL,'2014-01-15 13:03:47','1'),(157,'2014','20051034','09年嘉奖。',NULL,'2014-01-15 13:03:47',NULL,'2014-01-15 13:03:47','1'),(158,'2014','20051035','07年公安管理研究分会优秀论文奖。',NULL,'2014-01-15 13:03:47',NULL,'2014-01-15 13:03:47','1'),(159,'2014','20051036','1、06年校讲课比赛三等奖；2、11年中国警察协会征文优秀奖；3、11年首都大学生暑期社会实践先进工作者。',NULL,'2014-01-15 13:03:47',NULL,'2014-01-15 13:03:47','1'),(160,'2014','20051037','1、07年公安机关学术征文优秀论文；2、08年公安机关学术征文优秀奖。3、09年公安机关学术征文三等奖；4、10年公安机关学术征文二等奖；5、11年公安机关学术征文三等奖；',NULL,'2014-01-15 13:03:47',NULL,'2014-01-15 13:03:47','1'),(161,'2014','20051038','1、10年公安机关学术征文论文二等奖；2、12年公安特警“红蓝对抗比武”受到公安部和校领导表扬。',NULL,'2014-01-15 13:03:47',NULL,'2014-01-15 13:03:47','1'),(162,'2014','20051039','1、10年讲课比赛二等奖；2、11年三等功。',NULL,'2014-01-15 13:03:47',NULL,'2014-01-15 13:03:47','1'),(163,'2014','20051040','1、04年校教学基本功比赛二等奖；2、06年北京高等学校实验工作研究会论文二等奖；3、06年通报表扬；4、04年校个人网站评比三等奖；5、06年校教学成果三等奖；6、09年校讲课比赛三等奖；7、09年全国多媒体大赛三等奖；8、11年校教学成果一等奖；9、12年公安部教学成果三等奖。',NULL,'2014-01-15 13:03:47',NULL,'2014-01-15 13:03:47','1'),(164,'2014','20051041','1、01年联合国维和勋章；2、02年联合国维和嘉奖；3、05年联合国维和勋章；4、05年公安部维和荣誉章；5、07年苏格兰国际奖学金；6、11年校优秀教师。',NULL,'2014-01-15 13:03:47',NULL,'2014-01-15 13:03:47','1'),(165,'2014','20051042','96年嘉奖。',NULL,'2014-01-15 13:03:47',NULL,'2014-01-15 13:03:47','1'),(166,'2014','20051044','1、03年优秀共产党员；2、04年北京市教学成果二等奖；3、04年校教学成果一等奖；4、06年校教学成果一、二、三等奖各1项；5、06年嘉奖；6、08年北京市教学成果二等奖；7、08年公安部教学成果二等奖；8、11年校教学成果二等奖。',NULL,'2014-01-15 13:03:47',NULL,'2014-01-15 13:03:47','1'),(167,'2014','20051045','1、06年三等功；2、09年嘉奖。',NULL,'2014-01-15 13:03:47',NULL,'2014-01-15 13:03:47','1'),(168,'2014','20051046','1、05年校科研成果三等奖；2、06年校优秀教案奖。',NULL,'2014-01-15 13:03:47',NULL,'2014-01-15 13:03:47','1'),(169,'2014','20051047','1、04年“全国青年歌手电视大奖赛”全国公安系统选拔赛获一等奖；2、04年“全国青年歌手电视大奖赛”荧屏奖；3、04年嘉奖；4、05年嘉奖；5、06年通报表扬；6、06年“全国青年歌手电视大奖赛”全国公安系统选拔赛获二等奖；7、06年北京市职工歌手大赛获美声唱法二等奖；8、09年北京市职工艺术节歌手大赛获金奖；9、09年公安部直属机关才艺评比二等奖；10、10年公安文联中国红歌会警营唱区三等奖；11、10年”全国城乡优秀歌手展演“青年组演唱银奖”；12、11年通报表扬；13、11年中国红歌会“警营十大红歌手”。',NULL,'2014-01-15 13:03:47',NULL,'2014-01-15 13:03:47','1'),(170,'2014','20051048','1、08年奥运安保三等功；2、09年世博安保嘉奖；3、09年北京市思政教育工作实效优秀奖；4、10年亚运安保嘉奖；5、10年北京市教工委征文优秀奖；6、10年公安直属机关征文三等奖；7、11年大运会安保先进个人；8、11年大运会优秀带队干部；9、11年大运会三等功。',NULL,'2014-01-15 13:03:47',NULL,'2014-01-15 13:03:47','1'),(171,'2014','20051049','08年平安奥运行动嘉奖。',NULL,'2014-01-15 13:03:47',NULL,'2014-01-15 13:03:47','1'),(172,'2014','20051050','04年嘉奖。',NULL,'2014-01-15 13:03:48',NULL,'2014-01-15 13:03:48','1');
/*!40000 ALTER TABLE `teacher_award` ENABLE KEYS */;
UNLOCK TABLES;

--
-- Table structure for table `teacher_info`
--

DROP TABLE IF EXISTS `teacher_info`;
/*!40101 SET @saved_cs_client     = @@character_set_client */;
/*!40101 SET character_set_client = utf8 */;
CREATE TABLE `teacher_info` (
  `Key_ID` int(11) NOT NULL AUTO_INCREMENT COMMENT '主键ID',
  `Year` varchar(4) DEFAULT NULL COMMENT '年度',
  `User_No` varchar(20) DEFAULT NULL COMMENT '工号',
  `User_Name` varchar(20) DEFAULT NULL COMMENT '总分',
  `Dept_ID` varchar(20) DEFAULT NULL COMMENT '部门ID',
  `View_Level_No` int(10) DEFAULT NULL,
  `Sex` varchar(2) DEFAULT NULL COMMENT '性别',
  `Birthday` varchar(20) DEFAULT NULL COMMENT '生日',
  `political_status` varchar(20) DEFAULT NULL COMMENT '政治面貌',
  `education` varchar(20) DEFAULT NULL COMMENT '学历',
  `degree` varchar(20) DEFAULT NULL COMMENT '学位',
  `university` varchar(20) DEFAULT NULL COMMENT '毕业学校',
  `Major` varchar(20) DEFAULT NULL COMMENT '专业',
  `Position` varchar(20) DEFAULT NULL COMMENT '职务',
  `Trad` varchar(20) DEFAULT NULL COMMENT '拟评资格',
  `Work_Major` varchar(20) DEFAULT NULL COMMENT '从事专业',
  `Score` varchar(20) DEFAULT NULL COMMENT '量化得分',
  `teach_period` varchar(10) DEFAULT NULL COMMENT '课时',
  `teach_Score1` varchar(10) DEFAULT NULL COMMENT '学期得分',
  `teach_Order1` varchar(10) DEFAULT NULL COMMENT '学期排名',
  `teach_Score2` varchar(10) DEFAULT NULL COMMENT '学期得分',
  `teach_Order2` varchar(10) DEFAULT NULL COMMENT '学期排名',
  `teach_Score3` varchar(10) DEFAULT NULL COMMENT '学期得分',
  `teach_Order3` varchar(10) DEFAULT NULL COMMENT '学期排名',
  `teach_Score4` varchar(10) DEFAULT NULL COMMENT '学期得分',
  `teach_Order4` varchar(10) DEFAULT NULL COMMENT '学期排名',
  `science_Project` varchar(1000) DEFAULT NULL COMMENT '科研项目',
  `science_Paper` varchar(100) DEFAULT NULL COMMENT '科研论文',
  `science_Book` varchar(20) DEFAULT NULL COMMENT '科研著作',
  `check_Info` varchar(50) DEFAULT NULL COMMENT '考核情况',
  `practice` varchar(200) DEFAULT NULL COMMENT '业务实践',
  `organize_Vote` varchar(20) DEFAULT NULL COMMENT '学科组票数',
  `Note` varchar(200) DEFAULT NULL COMMENT '备注',
  `quota_Num` varchar(20) DEFAULT NULL COMMENT '指标数',
  `Create_User_ID` varchar(20) DEFAULT NULL COMMENT '创建人',
  `Create_Date_Time` datetime DEFAULT NULL COMMENT '创建时间',
  `Modify_User_ID` varchar(20) DEFAULT NULL COMMENT '最后修改人',
  `Modify_Date_Time` datetime DEFAULT NULL COMMENT '最后修改时间',
  `Delete_Flag` varchar(20) DEFAULT NULL COMMENT '删除标记（1有效、2无效）',
  PRIMARY KEY (`Key_ID`)
) ENGINE=InnoDB AUTO_INCREMENT=257 DEFAULT CHARSET=utf8;
/*!40101 SET character_set_client = @saved_cs_client */;

--
-- Dumping data for table `teacher_info`
--

LOCK TABLES `teacher_info` WRITE;
/*!40000 ALTER TABLE `teacher_info` DISABLE KEYS */;
INSERT INTO `teacher_info` VALUES (129,'2013','20051001','程琳','1000',0,'男','1954.11','中共','大普',' ','兰州大学/1978.08','汉语言文学',' ','研究员','教育管理','','','','','','','','','','','国家级项目主持人1项，省部级项目4项（主持、提出项目立项并组织研发和成果转化）','核心期刊6篇','22.7','','','7/7','',NULL,NULL,'2013-09-26 10:45:32',NULL,'2013-09-26 10:45:32','1'),(130,'2013','20051002','郭文丽','1001',1,'女','1962.07','中共','本科','硕士/在职','国际政治学院/1984.06','汉语言文学','副教授/1999.09','教授','大学语文','70.7','301.692','97.80','19/28','98.41','12/28','98.87','11/31','97.75','57/65','省部级项目主持人1项、主要参与人2项','核心刊物6篇','55.3，其中独著1部','合格/合格/合格/优秀/优秀','1年：94年天津','7/7','04北师大文学硕士',NULL,NULL,'2013-09-26 10:45:32',NULL,'2013-09-26 10:45:32','1'),(131,'2013','20051003','白俊华','1002',2,'男','1965.04','中共','研究生','硕士','中国政法大学/1992.03','诉讼法','副教授/1998.09','教授','诉讼法','67.2','195.154','98.90','7/44','98.37','22/45','98.04','39/48','98.53','33/41','省部级项目主要参与人1项','核心刊物5篇','106','合格/合格/合格/合格/合格','2.4年：93年大连/07年辽源/11年带队实习4个月','7/7','',NULL,NULL,'2013-09-26 10:45:32',NULL,'2013-09-26 10:45:32','1'),(132,'2013','20051004','伍先江','1003',3,'男','1971.03','中共','研究生','硕士','北京大学/1995.06','人口学','副教授/2004.12','教授','治安','72.8','250.8','','','95.39','18/22','97.44','19/26','下派','','省部级项目主要参与人2项','核心刊物6篇，其中新华文摘1篇，影响因子1.0刊物1篇','13','合格/优秀/合格/合格/合格','1.5年：02年济南12年北京各半年/09年带队实习4个月/11年北京2个月','7/7','',NULL,NULL,'2013-09-26 10:45:32',NULL,'2013-09-26 10:45:32','1'),(133,'2013','20051005','马振超','1004',4,'男','1964.07','中共','研究生/在职','博士','吉林大学/2002.06','中国政治思想','副教授/2001.12','教授','国保','85.5','256.97','97.56','14/32','96.14','29/33','下派','','下派','','国家级项目主持人1项，省部级项目主持人2项、主要参与人2项','权威刊物3篇，核心刊物11.3篇，其中新华文摘1篇，社科文摘1篇，人大报刊复印资料1篇','43.1，其中独著1部','优秀/合格/优秀/合格/合格','2年：05年公安部/11年公安部12年北京各半年','9/9','',NULL,NULL,'2013-09-26 10:45:32',NULL,'2013-09-26 10:45:32','1'),(134,'2013','20051006','杨郁娟','1004',5,'女','1974.05','中共','研究生/在职','博士','北京大学/2007.07','刑事诉讼法','副教授/2006.12','教授','刑侦','81.9','241.25','','','','','98.60','6/32','98.77','12/22','省部级项目主持人2项、主要参与人1项','核心刊物6篇','61.7，其中独著2部','合格/合格/优秀/合格/合格','2.7年：00年天津/03年济南07年武汉10年天津各半年/12年潜江2个月','9/9','',NULL,NULL,'2013-09-26 10:45:32',NULL,'2013-09-26 10:45:32','1'),(135,'2013','20051007','赵桂芬','1004',6,'女','1968.1','中共','研究生/在职','博士','北京大学/2006.07','刑法学','副教授/2004.12','教授','预审','88.7','264.43','96.31','24/32','96.90','25/33','96.57','29/32','下派','','国家级项目主要参与人1项，省部级项目主要参与人3项','核心刊物7.5篇','77.8，其中独著1部','合格/合格/合格/优秀/合格','3年：97年天津/99年济南/07年廊坊12年北京各半年','9/9','',NULL,NULL,'2013-09-26 10:45:32',NULL,'2013-09-26 10:45:32','1'),(136,'2013','20051008','彭知辉','1005',7,'男','1971.06','中共','研究生','博士','南京大学/2003.06','古典文学','副教授/2005.12','教授','公安情报学','75.7','271.636','95.67','15/15','98.71','3/15','96.98','15/15','97.15','10/12','国家级项目主要参与人1项，省部级项目主要参与人1项','核心刊物12篇','48.8，其中独著1部','合格/优秀/合格/合格/合格','1.2年：10年烟台/09年带队实习2个月','9/9','',NULL,NULL,'2013-09-26 10:45:32',NULL,'2013-09-26 10:45:32','1'),(137,'2013','20051009','王世卿','1006',8,'女','1967.03','中共','本科','硕士/在职','公安大学/1990.06','公安政工','副教授/2003.12','教授','犯罪学','73.8','296.25','96.29','36/37','98.07','14/35','98.48','20/41','98.94','9/35','','核心刊物10篇','60，其中独著1部','合格/合格/合格/合格/合格','1.5年：92年青岛/09年烟台半年','9/9','04北大行政管理硕',NULL,NULL,'2013-09-26 10:45:32',NULL,'2013-09-26 10:45:32','1'),(138,'2013','20051010','张纯琍','1006',9,'女','1962.11','中共','研究生/在职','博士','中国人民大学/2006.07','社会学','副教授/1999.12','教授','犯罪学','89.5','318.3','98.69','7/37','98.64','6/35','98.11','28/41','','','国家级项目主要参与人1项，省部级项目主持人2项','核心刊物6篇','26.9','合格/合格/优秀/优秀/合格','3年：96年唐山/07年保定/09年援疆','9/9','援疆',NULL,NULL,'2013-09-26 10:45:32',NULL,'2013-09-26 10:45:32','1'),(139,'2013','20051011','靳高风','1006',10,'男','1972.11','中共','研究生/在职','博士','中国政法大学/2007.06','刑法学','副教授/2007.12','教授','犯罪学','85.8','221.778','下派','','98.16','12/35','98.63','11/41','98.39','27/35','省部级项目主持人4项、主要参与人2项','核心刊物5篇，其中人大报刊复印资料2篇','57，其中独著1部','合格/优秀/合格/合格/合格','1.5年：04年乐山/10年吉林半年','9/9','',NULL,NULL,'2013-09-26 10:45:32',NULL,'2013-09-26 10:45:32','1'),(140,'2013','20051012','李春雷','1006',11,'男','1970.05','中共','研究生','博士','中国政法大学/2003.06','法律史','副教授/2005.12','教授','犯罪学','73.2','171.667','97.42','24/37','98.66','4/35','97.90','30/41','下派','','省部级项目主持人1项、主要参与人2项','核心刊物4.5篇','66','合格/合格/合格/合格/优秀','1年：03年公安部06年河北省公安厅各半年','8/9','',NULL,NULL,'2013-09-26 10:45:32',NULL,'2013-09-26 10:45:32','1'),(141,'2013','20051013','梅建明','1006',12,'男','1968.04','中共','研究生','博士','吉林大学/1999.06','马克思哲学','副教授/2004.12','教授','犯罪学','73.3','149.333','98.64','8/37','97.66','17/35','97.84','32/41','下派','','国家级项目主要参与人1项，省部级项目主持人2项、主要参与人1项','核心刊物7.2篇','73.9','优秀/合格/合格/合格/合格','1.5年：04年南京05年随州12年保定各半年','8/9','',NULL,NULL,'2013-09-26 10:45:32',NULL,'2013-09-26 10:45:32','1'),(142,'2013','20051014','刘宏斌','1007',13,'男','1968.04','中共','本科','硕士/在职','公安大学/1991.06','治安学','副教授/2005.12','教授','治安','70.7','160','97.03','14/22','97.77','8/22','97.66','16/26','','','国家级项目主要参与人1项，省部级项目主要参与人1项','核心刊物5篇','88','合格/合格/合格/合格/合格','2.3年：94年天津/04年援藏/08年深圳、12年北京各2个月','7/7','03公大刑法学硕',NULL,NULL,'2013-09-26 10:45:32',NULL,'2013-09-26 10:45:32','1'),(143,'2013','20051015','张杰','1007',14,'女','1971.04','','研究生/在职','博士','中国社科院/2011.07','国际政治','副教授/2005.12','教授','涉外警务','64.5','254.909','97.05','40/53','96.81','45/53','95.92','49/51','98.43','10/16','国家级项目主要参与人1项，省部级项目主持人1项','核心刊物7篇','28，其中独著1部','优秀/合格/合格/合格/合格','1年：03年天津10年保定各半年','7/7','',NULL,NULL,'2013-09-26 10:45:32',NULL,'2013-09-26 10:45:32','1'),(144,'2013','20051016','章小辉','1008',15,'男','1971.03','中共','研究生','硕士','北京体育大学/1996.06','运动训练','副教授/2004.12','教授','警务指挥与战术','82.3','452','96.13','39/44','97.25','36/46','98.16','26/39','下派','/','省部级项目主持人2项、主要参与人1项','权威刊物1篇，核心刊物8.3篇，其中EI收录1篇，ISTP收录1篇','3','优秀/合格/优秀/合格/优秀','1.5年：07年秦皇岛08年烟台12年北京各半年','7/7','',NULL,NULL,'2013-09-26 10:45:32',NULL,'2013-09-26 10:45:32','1'),(145,'2013','20051017','熊允发','1009',16,'男','1963.11','中共','本科','学士','北京师范大学/1983.06','数学','副教授/1999.09','教授','数学','60.7','361.364','97.85','16/19','99.00','1/19','98.99','2/34','98.97','19/31','国家级项目主要参与人1项','核心刊物12.5篇','20.5','合格/合格/不合格/合格/合格','2年：99年济南/07年廊坊','7/7','',NULL,NULL,'2013-09-26 10:45:32',NULL,'2013-09-26 10:45:32','1'),(146,'2013','20051018','曹英','1010',17,'男','1966.01','','研究生','硕士','中国人民大学/1991.06','中共党史','副教授/1999.12','教授','公安管理','69.4','256.947','97.87','11/26','98.67','3/21','98.90','9/32','下派','/','省部级项目主要参与人2项','核心刊物16篇','189.6，其中独著6部','合格/优秀/优秀/优秀/合格','2年：98年北京06、07年天津12年保定各半年','7/7','',NULL,NULL,'2013-09-26 10:45:32',NULL,'2013-09-26 10:45:32','1'),(147,'2013','20051019','郭威','1011',18,'男','1971.02','中共','本科','硕士/在职','刑警学院/1993.06','痕迹检验','副教授/2002.12','教授','物证技术','92.6','317.6','97.70','15/20','98.63','4/22','--','--','98.91','5/17','省部级项目主持人3项、主要参与人3项','核心刊物7.8篇','41.6','合格/优秀/合格/优秀/合格','2年：94年天津/07年苏州11年北京各半年','9/9','02公大诉讼法硕',NULL,NULL,'2013-09-26 10:45:32',NULL,'2013-09-26 10:45:32','1'),(148,'2013','20051020','高树辉','1011',19,'女','1971.11','中共','研究生/在职','博士','西安交通大学/2004.12','法医','副教授/2004.12','教授','物证技术','87.7','387.077','98.83','5/20','96.91','20/22','98.75','9/20','98.77','9/17','省部级项目主持人1项、主要参与人1项','核心刊物13.5篇','83.9，其中专著1部','合格/合格/优秀/合格/合格','2年：96年唐山/08年廊坊、武汉各半年','8/9','',NULL,NULL,'2013-09-26 10:45:32',NULL,'2013-09-26 10:45:32','1'),(149,'2013','20051021','张立频','1012',20,'女','1973.11','中共','研究生','硕士','武汉大学/2005.06','图书馆学','副研究馆员/2007.12','研究馆员','图书','85.2','','','','','','','','','','国家级项目主要参与人1项，省部级项目主要参与人1项','核心刊物4.5篇','','合格/优秀/合格/优秀/合格','','7/7','',NULL,NULL,'2013-09-26 10:45:32',NULL,'2013-09-26 10:45:32','1'),(150,'2013','20051022','李桂芝','1001',21,'女','1977.03','中共','研究生','硕士','中国海洋大学/2003.06','外语语言学','讲师/2005.07','副教授','大学英语','53.8','343.216','98.85','5/53','99.00','1/53','98.72','13/51','99.00','1/65','','核心刊物2篇','','合格/合格/优秀/优秀/优秀','','7/7','',NULL,NULL,'2013-09-26 10:45:32',NULL,'2013-09-26 10:45:32','1'),(151,'2013','20051023','赵锋','1001',22,'男','1962.08','','本科','学士','警官大学/1984.06','汉语言文学','讲师/1991.12','副教授','大学语文','59','282.399','98.53','8/28','98.59','9/28','98.88','10/31','98.89','26/65','省部级项目主要参与人1项','核心刊物2篇','83.6','合格/合格/合格/合格/合格','1年：08年湖州','7/7','',NULL,NULL,'2013-09-26 10:45:32',NULL,'2013-09-26 10:45:32','1'),(152,'2013','20051024','熊威','1001',23,'男','1974.1','中共','研究生','硕士','天津师范大学  /2001.06','科学社会主义','讲师/2003.07','副教授','马列','59.9','295.333','98.95','3/28','97.71','19/30','98.99','3/31','98.89','26/65','省部级项目主要参与人1项','核心刊物2篇','','合格/合格/合格/合格/合格','1年：06年湖州','7/7','',NULL,NULL,'2013-09-26 10:45:32',NULL,'2013-09-26 10:45:32','1'),(153,'2013','20051025','王雪琴','1001',24,'女','1965.12','中共','研究生/在职','博士','北京大学/2005.07','环境科学','讲师/1997.07','副教授','马列','58.8','343.429','96.89','23/28','98.34','13/28','98.84','13/31','98.71','42/65','','核心刊物4篇','4.5','合格/优秀/合格/合格/合格','1年：05年天津','6/7','',NULL,NULL,'2013-09-26 10:45:32',NULL,'2013-09-26 10:45:32','1'),(154,'2013','20051026','杨金彪','1002',25,'男','1969.05','','研究生','博士','清华大学/2006.06','刑法学','讲师/2006.07','副教授','刑法学','61.6','259.556','98.09','18/44','98.43','20/45','98.53','20/48','下派','/','省部级项目主要参与人2项','核心刊物10篇，其中人大报刊复印资料3篇','72.6，其中独著2部','合格/合格/合格/优秀/优秀','1.5年：07年湖州/12年北京半年','7/7','',NULL,NULL,'2013-09-26 10:45:32',NULL,'2013-09-26 10:45:32','1'),(155,'2013','20051027','沈国琴','1002',26,'女','1972.03','中共','研究生','博士','中国社会科学院/2004.06','法理学','讲师/2004.07','副教授','宪法行政法','71.1','240.5','96.12','40/44','97.72','31/45','98.26','30/48','下派','/','省部级项目主持人1项，省部级项目主要参与人2项','核心刊物8.5篇','68，其中独著2部','合格/合格/合格/优秀/合格','1.5年：05年山西屯留县07年秦皇岛12年三河各半年','7/7','',NULL,NULL,'2013-09-26 10:45:32',NULL,'2013-09-26 10:45:32','1'),(156,'2013','20051028','高华','1002',27,'女','1974.09','中共','研究生','硕士','中国政法大学/1999.06','经济法','讲师/2002.11','副教授','民商法学','47','182','96.04','41/44','98.28','23/45','98.20','33/48','98.88','23/41','省部级项目主持人1项','核心刊物3.5篇','8.4','合格/合格/合格/合格/合格','2年：02年保定/07年廊坊','6/7','',NULL,NULL,'2013-09-26 10:45:32',NULL,'2013-09-26 10:45:32','1'),(157,'2013','20051029','叶晓川','1002',28,'男','1977.06','中共','研究生','博士','中国政法大学/2006.06','法律史','讲师/2006.07','副教授','警察法学','46.4','195.333','96.23','18/32','/','/','/','/','97.61','16/29','','核心刊物3篇','18.6，其中独著1部','合格/合格/合格/合格/合格','1年：09年烟台','5/7','辅导员',NULL,NULL,'2013-09-26 10:45:32',NULL,'2013-09-26 10:45:32','1'),(158,'2013','20051030','陈慧君','1003',29,'女','1979.01','中共','研究生','硕士','西北政法学院/2004.06','宪法与行政法','讲师/2006.07','副教授','治安学','79.8','205.75','96.92','15/22','98.06','5/22','97.73','14/26','下派','/','省部级项目主要参与人4项','权威刊物1篇，核心刊物2.5篇，其中EI收录2篇，ISTP收录1篇','6.5','合格/合格/合格/优秀/优秀','1.5年：06年湖州/12年北京半年','7/7','',NULL,NULL,'2013-09-26 10:45:32',NULL,'2013-09-26 10:45:32','1'),(159,'2013','20051031','孙先伟','1004',30,'女','1972.08','中共','研究生/在职','博士','中国人民大学/2012.06','中国古代史','讲师/2001.07','副教授','国保','81.8','297','95.97','28/32','98.50','6/33','下派','/','97.60','20/22','国家级项目主持人1项、主要参与人1项，省部级项目主要参与人4项','核心刊物5篇','48.8','优秀/合格/合格/合格/合格','2.5年：05年公安部/00年北京02年青岛11年廊坊各半年','9/9','',NULL,NULL,'2013-09-26 10:45:32',NULL,'2013-09-26 10:45:32','1'),(160,'2013','20051032','胡隽','1006',31,'女','1979.04','中共','研究生','博士','武汉大学/2006.06','刑法学','讲师/2006.07','副教授','犯罪学','75.6','219.2','96.75','32/37','98.57','7/35','98.84','5/41','下派','/','省部级项目主持人1项、主要参与人1项','核心刊物8篇，其中社科文摘1篇，人大报刊复印资料1篇，EI1篇','22','合格/优秀/合格/合格/优秀','1.5年：08年湖州/12年保定半年','9/9','辅导员',NULL,NULL,'2013-09-26 10:45:32',NULL,'2013-09-26 10:45:32','1'),(161,'2013','20051033','谢丽丽','1006',32,'女','1973.05','中共','研究生','硕士','首都师范大学/1999.06','教育心理学','讲师/2001.07','副教授','犯罪学','60.5','221.853','97.69','19/37','96.72','29/35','98.82','6/41','99.00','1/35','','核心刊物5.5篇','69.7','合格/合格/合格/合格/合格','2年：01年合肥/07年天津','9/9','',NULL,NULL,'2013-09-26 10:45:32',NULL,'2013-09-26 10:45:32','1'),(162,'2013','20051034','刘君玲','1006',33,'女','1970.1',' ','研究生','博士','东北师范大学/1999.06','世界史','讲师/1999.07','副教授','犯罪学','56.2','260.737','/','/','/','/','98.51','17/41','98.70','21/35','','核心刊物3篇','27.1','合格/合格/合格/合格/合格','1.5年：07年天津/02年北京半年','8/9','',NULL,NULL,'2013-09-26 10:45:32',NULL,'2013-09-26 10:45:32','1'),(163,'2013','20051035','王二院','1010',34,'男','1972.05','中共','研究生','博士','中国科学院/2006.06','管理科学工程','讲师/2006.07','副教授','公安管理','51','411.6','97.73','12/26','97.78','18/21','98.06','25/32','98.43','20/21','国家级项目主要参与人1项','核心刊物3.3篇','9','合格/合格/合格/合格/合格','1年：07年天津','7/7','援藏，辅导员',NULL,NULL,'2013-09-26 10:45:32',NULL,'2013-09-26 10:45:32','1'),(164,'2013','20051036','徐丹丹','1010',35,'女','1978.08','中共','研究生','博士','中国人民大学/2005.06','科学社会主义','讲师/2005.07','副教授','公安管理','53.3','286.286','96.01','19/32','97.60','21/30','96.66','14/21','下派','/','省部级项目主要参与人1项','核心刊物5篇','3.5','合格/合格/合格/合格/合格','1.5年：05年天津/12年北京半年','7/7','辅导员',NULL,NULL,'2013-09-26 10:45:32',NULL,'2013-09-26 10:45:32','1'),(165,'2013','20051037','韩春梅','1010',36,'女','1974.06','','研究生','硕士','首都师范大学/2005.06','教育学','讲师/2007.07','副教授','公安管理','64','237.333','97.15','11/32','97.62','20/30','下派','/','下派','/','省部级项目主要参与人4项','核心刊物8篇','15.5','合格/合格/合格/优秀/合格','1年：11年北京','7/7','',NULL,NULL,'2013-09-26 10:45:32',NULL,'2013-09-26 10:45:32','1'),(166,'2013','20051038','樊守政','1008',37,'男','1974.03','中共','研究生','硕士','成都体育学院/2005.06','民族传统体育','讲师/2006.07','副教授','警务指挥与战术','63.5','509.5','96.10','40/44','97.87','28/46','97.60','32/39','98.28','32/36','省部级项目主持人1项、主要参与人1项','核心刊物3篇','','合格/合格/优秀/优秀/优秀','1年：07年秦皇岛','7/7','辅导员',NULL,NULL,'2013-09-26 10:45:32',NULL,'2013-09-26 10:45:32','1'),(167,'2013','20051039','刘兆','1011',38,'男','1974.06','','研究生','博士','日本福冈大学/2005.03','社会医学','讲师/2006.06','副教授','法医学','66.6','197.714','辅导员','/','99.00','1/22','辅导员','/','辅导员','/','省部级项目主持人1项、主要参与人1项','核心刊物7篇','33.5','合格/合格/合格/合格/合格','1年：07年秦皇岛','9/9','辅导员',NULL,NULL,'2013-09-26 10:45:32',NULL,'2013-09-26 10:45:32','1'),(168,'2013','20051040','郑涛','1013',39,'男','1974.12','中共','本科','学士','警官大学/1997.06','通信工程','讲师/2002.07','副教授','安全防范','79.5','325.294','98.91','4/21','99.00','1/16','99.00','1/28','下派','/','省部级项目主要参与人1项','核心刊物6.6篇','31','合格/合格/合格/优秀/合格','1年：07年秦皇岛12年北京各半年','7/7','',NULL,NULL,'2013-09-26 10:45:32',NULL,'2013-09-26 10:45:32','1'),(169,'2013','20051041','赵兴涛','1013',40,'男','1972.02','中共','研究生 /在职','硕士','英国爱丁堡大学/2007.09','人工智能','讲师/2001.07','副教授','安全防范','66.7','191.067','98.07','16/21','99.00','1/16','98.14','23/28','98.99','14/23','省部级项目主要参与人3项','核心刊物3.3篇，其中EI收录1篇','43.8','合格/合格/合格/合格/合格','2.5年：02、04年维和/09年烟台半年','5/7','',NULL,NULL,'2013-09-26 10:45:32',NULL,'2013-09-26 10:45:32','1'),(170,'2013','20051042','张建岭','1009',41,'男','1965.1','','本科','硕士 /在职','成都电讯工院/1987.06','无线电技术','讲师/1992.12','副教授','信息安全','54.9','312.691','97.52','15/24','/','/','96.39','29/34','下派','/','省部级项目主要参与人3项','核心刊物3.6篇','4','合格/合格/合格/合格/合格','1.4年：99年济南12年石家庄各半年/11年带队实习3个月/08年带队实习2个月','7/7','98北工大计算机应用硕',NULL,NULL,'2013-09-26 10:45:32',NULL,'2013-09-26 10:45:32','1'),(171,'2013','20051043','杜治国','1013',42,'男','1977.12','中共','本科','硕士  /在职','公安大学/1999.06','通信工程','工程师/2004.12','高级实验师','实验','74.7','','','','','','','','','','省部级项目主要参与人1项','核心刊物3篇','','合格/合格/合格/合格/合格','安防实验室','6/7','07北邮信息与通信系统硕',NULL,NULL,'2013-09-26 10:45:32',NULL,'2013-09-26 10:45:32','1'),(172,'2013','20051044','高航','1014',43,'男','1973.11','中共','本科','学士','警官大学/1996.06','图像传输处理','助理研究员/2001.07','副研究员','教育管理','77.4','','','','','','','','','','省部级项目主要参与人2项','核心刊物5.5篇','','合格/优秀/合格/优秀/合格','实践教学科科长','7/7','',NULL,NULL,'2013-09-26 10:45:32',NULL,'2013-09-26 10:45:32','1'),(173,'2013','20051045','孙永生','1015',44,'男','1978.11','中共','本科','学士','公安大学/2000.06','法语','助理研究员/2006.07（资格）','副研究员','教育管理','74.1','','','','','','','','','','省部级项目主要参与人1项','核3.5篇','10','合格/合格/合格/合格/合格','警训研究室','7/7','',NULL,NULL,'2013-09-26 10:45:32',NULL,'2013-09-26 10:45:32','1'),(174,'2013','20051046','郑英力','1016',45,'女','1971.05','','研究生','硕士','吉林工业大学/2000.06','交通运输规划','讲师/2002.07','副研究员','教育管理','78.1','','','','','','','','','','国家级项目主要参与人1项，省部级项目主要参与人1项','权威刊物1篇，核心刊物4.2篇，其中EI收录2篇','','合格/合格/合格/合格/合格','教务管理','7/7','辅导员',NULL,NULL,'2013-09-26 10:45:32',NULL,'2013-09-26 10:45:32','1'),(175,'2013','20051047','孔繁燕','1017',46,'女','1972.03','','本科','学士','内蒙古大学艺术学院/1998.06','演唱','助理研究员/2004.12','副研究员','教育管理','78.6','','','','','','','','','','','核心刊物3.5篇','','合格/合格/合格/合格/合格','团委','7/7','',NULL,NULL,'2013-09-26 10:45:32',NULL,'2013-09-26 10:45:32','1'),(176,'2013','20051048','程文亮','1017',47,'男','1978.12','中共','研究生','硕士','公安大学/2004.06','行政管理','讲师/2006.07','副研究员','教育管理','88.6','','','','','','','','','','省部级项目主持人1项，省部级项目主要参与人3项','核心刊物3篇','','优秀/优秀/合格/合格/合格','中队长','7/7','',NULL,NULL,'2013-09-26 10:45:32',NULL,'2013-09-26 10:45:32','1'),(177,'2013','20051049','王欣','1012',48,'女','1976.12','中共','本科','硕士  /在职','公安大学/1999.06','通信工程','实验师/2005.12','副研究馆员','图书','78','','','','','','','','','','省部级项目主要参与人3项','核心刊物5篇','','合格/优秀/合格/合格/ 合格','信息咨询部副主任','6/7','06中科院通信信息硕',NULL,NULL,'2013-09-26 10:45:32',NULL,'2013-09-26 10:45:32','1'),(178,'2013','20051050','徐志红','1018',49,'女','1961.1','','大专','硕士','哈尔滨师专/1981.06','英语','副编审/2002.01','副教授','交通管理','74.7','','','','','','','','','','','核心刊物0.5篇','','合格/合格/合格/合格/合格','1年：11年廊坊','','99年瑞典律利欧科技大学人机工程硕',NULL,NULL,'2013-09-26 10:45:32',NULL,'2013-09-26 10:45:32','1'),(179,'2013','20051051','张吉春','1019',50,'男','1959.04','中共','本科','学士','国际政治学院/1983.06','无线电技术','副教授/1999.09','副研究员','教育管理','77.4','','','','','','','','','','省部级项目主持人1项、主要参与人2项','核心刊物7篇','10','合格/合格/合格/合格/合格','','','',NULL,NULL,'2013-09-26 10:45:32',NULL,'2013-09-26 10:45:32','1'),(180,'2013','20051052','马永祥','1101',51,'男','1977.03','','研究生','硕士','郑州大学/2010.07','民商法学','讲师/2007.10','副教授','侦查','2002.04','','','','','','','','','','','','','合格','符合','9/9','',NULL,NULL,'2013-09-26 10:45:32',NULL,'2013-09-26 10:45:32','1'),(181,'2013','20051053','左琳','1101',52,'女','1977.01','','本科','硕士','郑州大学/2001.07','高分子材料与工程','讲师/2007.10','副教授','公安交通管理','2002.05','','','','','','','','','','','','','优秀','符合','7/7','08年郑州大学材料学硕',NULL,NULL,'2013-09-26 10:45:32',NULL,'2013-09-26 10:45:32','1'),(182,'2013','20051054','庄海燕','1101',53,'女','1976.05','','研究生','硕士','郑州大学/2006.07','计算机应用','讲师/2007.10','副教授','网络信息安全监察','2006.07','','','','','','','','','','','','','优秀','符合','7/7','',NULL,NULL,'2013-09-26 10:45:32',NULL,'2013-09-26 10:45:32','1'),(183,'2013','20051055','杨雪','1101',54,'女','1980.02','','本科','硕士','郑州大学/2002.06','法学','讲师/2007.10','副教授','法学','2002.07','','','','','','','','','','','','','合格','符合','7/7','08年中国政法大学法学硕',NULL,NULL,'2013-09-26 10:45:32',NULL,'2013-09-26 10:45:32','1'),(184,'2013','20051056','李波','1102',55,'男','1974.10','','本科','硕士','公安大学/2000.07','汉语言文学','讲师/2006.09','副教授','治安学','1995.07','','','','','','','','','','','','','合格','符合','6/7','06年公大管理学硕',NULL,NULL,'2013-09-26 10:45:32',NULL,'2013-09-26 10:45:32','1'),(185,'2013','20051057','王浩','1103',56,'男','1976.09','','研究生','硕士','西安体育学院/2006.06','体育教育','讲师/2008.09','副教授','擒拿格斗','1999.07','','','','','','','','','','','','','合格','符合','7/7','',NULL,NULL,'2013-09-26 10:45:32',NULL,'2013-09-26 10:45:32','1'),(186,'2013','20051058','钟东荣','1103',57,'男','1972.1','','本科','','北京自修大学/2005.07','工商企业管理','实验师/2005.09','高级实验师','刑事技术','1993.07','','','','','','','','','','','','','合格','符合','9/9','',NULL,NULL,'2013-09-26 10:45:32',NULL,'2013-09-26 10:45:32','1'),(187,'2013','20051059','程艳','1103',58,'女','1979.05','','研究生','硕士','中山大学/2005.06','光学','讲师/2007.09','副教授','刑事技术','2005.07','','','','','','','','','','','','','合格','符合','9/9','',NULL,NULL,'2013-09-26 10:45:32',NULL,'2013-09-26 10:45:32','1'),(188,'2013','20051060','潘惠敏','1103',59,'女','1970.07','','本科','硕士','河南财经学院/1997.06','会计学','讲师/2005.09','副教授','经济犯罪侦查','1992.07','','','','','','','','','','','','','合格','符合','9/9','09年暨南大学会计学硕',NULL,NULL,'2013-09-26 10:45:32',NULL,'2013-09-26 10:45:32','1'),(189,'2013','20051061','黄新伟','1103',60,'男','1980.05','','研究生','硕士','中南大学/2005.06','行政管理','讲师/2007.09','副教授','公安管理','2005.07','','','','','','','','','','','','','合格','符合','6/7','',NULL,NULL,'2013-09-26 10:45:32',NULL,'2013-09-26 10:45:32','1'),(190,'2013','20051062','廖广军','1103',61,'男','1981.02','','研究生','硕士','华南理工大学/2006.06','模式识别与智能系统','讲师/2008.09','副教授','刑事技术','2006.07','','','','','','','','','','','','','合格','符合','8/9','',NULL,NULL,'2013-09-26 10:45:32',NULL,'2013-09-26 10:45:32','1'),(191,'2013','20051063','覃进标','1104',62,'男','1973.07','','本科','学士','公安大学/1996.07','警察管理','讲师/2001.12','副教授','公安学基础理论','1996.07','','','','','','','','','','','','','优秀','符合','7/7','',NULL,NULL,'2013-09-26 10:45:32',NULL,'2013-09-26 10:45:32','1'),(192,'2013','20051064','赵桂生','1104',63,'男','1955.12','','本科','','广西师范大学/1978.08','化学','讲师/1985.06','副教授','理化检验','1973.06','','','','','','','','','','','','','合格','免试','9/9','',NULL,NULL,'2013-09-26 10:45:32',NULL,'2013-09-26 10:45:32','1'),(193,'2014','20051001','程琳','1000',0,'男','1954.11','中共','大普',' ','兰州大学/1978.08','汉语言文学',' ','研究员','教育管理','','','','','','','','','','','国家级项目主持人1项，省部级项目4项（主持、提出项目立项并组织研发和成果转化）','核心期刊6篇','22.7','','','7/7','',NULL,NULL,'2014-01-15 13:03:32',NULL,'2014-01-15 13:03:32','1'),(194,'2014','20051002','郭文丽','1001',1,'女','1962.07','中共','本科','硕士/在职','国际政治学院/1984.06','汉语言文学','副教授/1999.09','教授','大学语文','70.7','301.692','97.80','19/28','98.41','12/28','98.87','11/31','97.75','57/65','省部级项目主持人1项、主要参与人2项','核心刊物6篇','55.3，其中独著1部','合格/合格/合格/优秀/优秀','1年：94年天津','7/7','04北师大文学硕士',NULL,NULL,'2014-01-15 13:03:32',NULL,'2014-01-15 13:03:32','1'),(195,'2014','20051003','白俊华','1002',2,'男','1965.04','中共','研究生','硕士','中国政法大学/1992.03','诉讼法','副教授/1998.09','教授','诉讼法','67.2','195.154','98.90','7/44','98.37','22/45','98.04','39/48','98.53','33/41','省部级项目主要参与人1项','核心刊物5篇','106','合格/合格/合格/合格/合格','2.4年：93年大连/07年辽源/11年带队实习4个月','7/7','',NULL,NULL,'2014-01-15 13:03:32',NULL,'2014-01-15 13:03:32','1'),(196,'2014','20051004','伍先江','1003',3,'男','1971.03','中共','研究生','硕士','北京大学/1995.06','人口学','副教授/2004.12','教授','治安','72.8','250.8','','','95.39','18/22','97.44','19/26','下派','','省部级项目主要参与人2项','核心刊物6篇，其中新华文摘1篇，影响因子1.0刊物1篇','13','合格/优秀/合格/合格/合格','1.5年：02年济南12年北京各半年/09年带队实习4个月/11年北京2个月','7/7','',NULL,NULL,'2014-01-15 13:03:32',NULL,'2014-01-15 13:03:32','1'),(197,'2014','20051005','马振超','1004',4,'男','1964.07','中共','研究生/在职','博士','吉林大学/2002.06','中国政治思想','副教授/2001.12','教授','国保','85.5','256.97','97.56','14/32','96.14','29/33','下派','','下派','','国家级项目主持人1项，省部级项目主持人2项、主要参与人2项','权威刊物3篇，核心刊物11.3篇，其中新华文摘1篇，社科文摘1篇，人大报刊复印资料1篇','43.1，其中独著1部','优秀/合格/优秀/合格/合格','2年：05年公安部/11年公安部12年北京各半年','9/9','',NULL,NULL,'2014-01-15 13:03:32',NULL,'2014-01-15 13:03:32','1'),(198,'2014','20051006','杨郁娟','1004',5,'女','1974.05','中共','研究生/在职','博士','北京大学/2007.07','刑事诉讼法','副教授/2006.12','教授','刑侦','81.9','241.25','','','','','98.60','6/32','98.77','12/22','省部级项目主持人2项、主要参与人1项','核心刊物6篇','61.7，其中独著2部','合格/合格/优秀/合格/合格','2.7年：00年天津/03年济南07年武汉10年天津各半年/12年潜江2个月','9/9','',NULL,NULL,'2014-01-15 13:03:32',NULL,'2014-01-15 13:03:32','1'),(199,'2014','20051007','赵桂芬','1004',6,'女','1968.1','中共','研究生/在职','博士','北京大学/2006.07','刑法学','副教授/2004.12','教授','预审','88.7','264.43','96.31','24/32','96.90','25/33','96.57','29/32','下派','','国家级项目主要参与人1项，省部级项目主要参与人3项','核心刊物7.5篇','77.8，其中独著1部','合格/合格/合格/优秀/合格','3年：97年天津/99年济南/07年廊坊12年北京各半年','9/9','',NULL,NULL,'2014-01-15 13:03:32',NULL,'2014-01-15 13:03:32','1'),(200,'2014','20051008','彭知辉','1005',7,'男','1971.06','中共','研究生','博士','南京大学/2003.06','古典文学','副教授/2005.12','教授','公安情报学','75.7','271.636','95.67','15/15','98.71','3/15','96.98','15/15','97.15','10/12','国家级项目主要参与人1项，省部级项目主要参与人1项','核心刊物12篇','48.8，其中独著1部','合格/优秀/合格/合格/合格','1.2年：10年烟台/09年带队实习2个月','9/9','',NULL,NULL,'2014-01-15 13:03:32',NULL,'2014-01-15 13:03:32','1'),(201,'2014','20051009','王世卿','1006',8,'女','1967.03','中共','本科','硕士/在职','公安大学/1990.06','公安政工','副教授/2003.12','教授','犯罪学','73.8','296.25','96.29','36/37','98.07','14/35','98.48','20/41','98.94','9/35','','核心刊物10篇','60，其中独著1部','合格/合格/合格/合格/合格','1.5年：92年青岛/09年烟台半年','9/9','04北大行政管理硕',NULL,NULL,'2014-01-15 13:03:32',NULL,'2014-01-15 13:03:32','1'),(202,'2014','20051010','张纯琍','1006',9,'女','1962.11','中共','研究生/在职','博士','中国人民大学/2006.07','社会学','副教授/1999.12','教授','犯罪学','89.5','318.3','98.69','7/37','98.64','6/35','98.11','28/41','','','国家级项目主要参与人1项，省部级项目主持人2项','核心刊物6篇','26.9','合格/合格/优秀/优秀/合格','3年：96年唐山/07年保定/09年援疆','9/9','援疆',NULL,NULL,'2014-01-15 13:03:32',NULL,'2014-01-15 13:03:32','1'),(203,'2014','20051011','靳高风','1006',10,'男','1972.11','中共','研究生/在职','博士','中国政法大学/2007.06','刑法学','副教授/2007.12','教授','犯罪学','85.8','221.778','下派','','98.16','12/35','98.63','11/41','98.39','27/35','省部级项目主持人4项、主要参与人2项','核心刊物5篇，其中人大报刊复印资料2篇','57，其中独著1部','合格/优秀/合格/合格/合格','1.5年：04年乐山/10年吉林半年','9/9','',NULL,NULL,'2014-01-15 13:03:32',NULL,'2014-01-15 13:03:32','1'),(204,'2014','20051012','李春雷','1006',11,'男','1970.05','中共','研究生','博士','中国政法大学/2003.06','法律史','副教授/2005.12','教授','犯罪学','73.2','171.667','97.42','24/37','98.66','4/35','97.90','30/41','下派','','省部级项目主持人1项、主要参与人2项','核心刊物4.5篇','66','合格/合格/合格/合格/优秀','1年：03年公安部06年河北省公安厅各半年','8/9','',NULL,NULL,'2014-01-15 13:03:32',NULL,'2014-01-15 13:03:32','1'),(205,'2014','20051013','梅建明','1006',12,'男','1968.04','中共','研究生','博士','吉林大学/1999.06','马克思哲学','副教授/2004.12','教授','犯罪学','73.3','149.333','98.64','8/37','97.66','17/35','97.84','32/41','下派','','国家级项目主要参与人1项，省部级项目主持人2项、主要参与人1项','核心刊物7.2篇','73.9','优秀/合格/合格/合格/合格','1.5年：04年南京05年随州12年保定各半年','8/9','',NULL,NULL,'2014-01-15 13:03:32',NULL,'2014-01-15 13:03:32','1'),(206,'2014','20051014','刘宏斌','1007',13,'男','1968.04','中共','本科','硕士/在职','公安大学/1991.06','治安学','副教授/2005.12','教授','治安','70.7','160','97.03','14/22','97.77','8/22','97.66','16/26','','','国家级项目主要参与人1项，省部级项目主要参与人1项','核心刊物5篇','88','合格/合格/合格/合格/合格','2.3年：94年天津/04年援藏/08年深圳、12年北京各2个月','7/7','03公大刑法学硕',NULL,NULL,'2014-01-15 13:03:32',NULL,'2014-01-15 13:03:32','1'),(207,'2014','20051015','张杰','1007',14,'女','1971.04','','研究生/在职','博士','中国社科院/2011.07','国际政治','副教授/2005.12','教授','涉外警务','64.5','254.909','97.05','40/53','96.81','45/53','95.92','49/51','98.43','10/16','国家级项目主要参与人1项，省部级项目主持人1项','核心刊物7篇','28，其中独著1部','优秀/合格/合格/合格/合格','1年：03年天津10年保定各半年','7/7','',NULL,NULL,'2014-01-15 13:03:32',NULL,'2014-01-15 13:03:32','1'),(208,'2014','20051016','章小辉','1008',15,'男','1971.03','中共','研究生','硕士','北京体育大学/1996.06','运动训练','副教授/2004.12','教授','警务指挥与战术','82.3','452','96.13','39/44','97.25','36/46','98.16','26/39','下派','/','省部级项目主持人2项、主要参与人1项','权威刊物1篇，核心刊物8.3篇，其中EI收录1篇，ISTP收录1篇','3','优秀/合格/优秀/合格/优秀','1.5年：07年秦皇岛08年烟台12年北京各半年','7/7','',NULL,NULL,'2014-01-15 13:03:32',NULL,'2014-01-15 13:03:32','1'),(209,'2014','20051017','熊允发','1009',16,'男','1963.11','中共','本科','学士','北京师范大学/1983.06','数学','副教授/1999.09','教授','数学','60.7','361.364','97.85','16/19','99.00','1/19','98.99','2/34','98.97','19/31','国家级项目主要参与人1项','核心刊物12.5篇','20.5','合格/合格/不合格/合格/合格','2年：99年济南/07年廊坊','7/7','',NULL,NULL,'2014-01-15 13:03:32',NULL,'2014-01-15 13:03:32','1'),(210,'2014','20051018','曹英','1010',17,'男','1966.01','','研究生','硕士','中国人民大学/1991.06','中共党史','副教授/1999.12','教授','公安管理','69.4','256.947','97.87','11/26','98.67','3/21','98.90','9/32','下派','/','省部级项目主要参与人2项','核心刊物16篇','189.6，其中独著6部','合格/优秀/优秀/优秀/合格','2年：98年北京06、07年天津12年保定各半年','7/7','',NULL,NULL,'2014-01-15 13:03:32',NULL,'2014-01-15 13:03:32','1'),(211,'2014','20051019','郭威','1011',18,'男','1971.02','中共','本科','硕士/在职','刑警学院/1993.06','痕迹检验','副教授/2002.12','教授','物证技术','92.6','317.6','97.70','15/20','98.63','4/22','--','--','98.91','5/17','省部级项目主持人3项、主要参与人3项','核心刊物7.8篇','41.6','合格/优秀/合格/优秀/合格','2年：94年天津/07年苏州11年北京各半年','9/9','02公大诉讼法硕',NULL,NULL,'2014-01-15 13:03:32',NULL,'2014-01-15 13:03:32','1'),(212,'2014','20051020','高树辉','1011',19,'女','1971.11','中共','研究生/在职','博士','西安交通大学/2004.12','法医','副教授/2004.12','教授','物证技术','87.7','387.077','98.83','5/20','96.91','20/22','98.75','9/20','98.77','9/17','省部级项目主持人1项、主要参与人1项','核心刊物13.5篇','83.9，其中专著1部','合格/合格/优秀/合格/合格','2年：96年唐山/08年廊坊、武汉各半年','8/9','',NULL,NULL,'2014-01-15 13:03:32',NULL,'2014-01-15 13:03:32','1'),(213,'2014','20051021','张立频','1012',20,'女','1973.11','中共','研究生','硕士','武汉大学/2005.06','图书馆学','副研究馆员/2007.12','研究馆员','图书','85.2','','','','','','','','','','国家级项目主要参与人1项，省部级项目主要参与人1项','核心刊物4.5篇','','合格/优秀/合格/优秀/合格','','7/7','',NULL,NULL,'2014-01-15 13:03:32',NULL,'2014-01-15 13:03:32','1'),(214,'2014','20051022','李桂芝','1001',21,'女','1977.03','中共','研究生','硕士','中国海洋大学/2003.06','外语语言学','讲师/2005.07','副教授','大学英语','53.8','343.216','98.85','5/53','99.00','1/53','98.72','13/51','99.00','1/65','','核心刊物2篇','','合格/合格/优秀/优秀/优秀','','7/7','',NULL,NULL,'2014-01-15 13:03:32',NULL,'2014-01-15 13:03:32','1'),(215,'2014','20051023','赵锋','1001',22,'男','1962.08','','本科','学士','警官大学/1984.06','汉语言文学','讲师/1991.12','副教授','大学语文','59','282.399','98.53','8/28','98.59','9/28','98.88','10/31','98.89','26/65','省部级项目主要参与人1项','核心刊物2篇','83.6','合格/合格/合格/合格/合格','1年：08年湖州','7/7','',NULL,NULL,'2014-01-15 13:03:32',NULL,'2014-01-15 13:03:32','1'),(216,'2014','20051024','熊威','1001',23,'男','1974.1','中共','研究生','硕士','天津师范大学  /2001.06','科学社会主义','讲师/2003.07','副教授','马列','59.9','295.333','98.95','3/28','97.71','19/30','98.99','3/31','98.89','26/65','省部级项目主要参与人1项','核心刊物2篇','','合格/合格/合格/合格/合格','1年：06年湖州','7/7','',NULL,NULL,'2014-01-15 13:03:32',NULL,'2014-01-15 13:03:32','1'),(217,'2014','20051025','王雪琴','1001',24,'女','1965.12','中共','研究生/在职','博士','北京大学/2005.07','环境科学','讲师/1997.07','副教授','马列','58.8','343.429','96.89','23/28','98.34','13/28','98.84','13/31','98.71','42/65','','核心刊物4篇','4.5','合格/优秀/合格/合格/合格','1年：05年天津','6/7','',NULL,NULL,'2014-01-15 13:03:32',NULL,'2014-01-15 13:03:32','1'),(218,'2014','20051026','杨金彪','1002',25,'男','1969.05','','研究生','博士','清华大学/2006.06','刑法学','讲师/2006.07','副教授','刑法学','61.6','259.556','98.09','18/44','98.43','20/45','98.53','20/48','下派','/','省部级项目主要参与人2项','核心刊物10篇，其中人大报刊复印资料3篇','72.6，其中独著2部','合格/合格/合格/优秀/优秀','1.5年：07年湖州/12年北京半年','7/7','',NULL,NULL,'2014-01-15 13:03:32',NULL,'2014-01-15 13:03:32','1'),(219,'2014','20051027','沈国琴','1002',26,'女','1972.03','中共','研究生','博士','中国社会科学院/2004.06','法理学','讲师/2004.07','副教授','宪法行政法','71.1','240.5','96.12','40/44','97.72','31/45','98.26','30/48','下派','/','省部级项目主持人1项，省部级项目主要参与人2项','核心刊物8.5篇','68，其中独著2部','合格/合格/合格/优秀/合格','1.5年：05年山西屯留县07年秦皇岛12年三河各半年','7/7','',NULL,NULL,'2014-01-15 13:03:32',NULL,'2014-01-15 13:03:32','1'),(220,'2014','20051028','高华','1002',27,'女','1974.09','中共','研究生','硕士','中国政法大学/1999.06','经济法','讲师/2002.11','副教授','民商法学','47','182','96.04','41/44','98.28','23/45','98.20','33/48','98.88','23/41','省部级项目主持人1项','核心刊物3.5篇','8.4','合格/合格/合格/合格/合格','2年：02年保定/07年廊坊','6/7','',NULL,NULL,'2014-01-15 13:03:32',NULL,'2014-01-15 13:03:32','1'),(221,'2014','20051029','叶晓川','1002',28,'男','1977.06','中共','研究生','博士','中国政法大学/2006.06','法律史','讲师/2006.07','副教授','警察法学','46.4','195.333','96.23','18/32','/','/','/','/','97.61','16/29','','核心刊物3篇','18.6，其中独著1部','合格/合格/合格/合格/合格','1年：09年烟台','5/7','辅导员',NULL,NULL,'2014-01-15 13:03:32',NULL,'2014-01-15 13:03:32','1'),(222,'2014','20051030','陈慧君','1003',29,'女','1979.01','中共','研究生','硕士','西北政法学院/2004.06','宪法与行政法','讲师/2006.07','副教授','治安学','79.8','205.75','96.92','15/22','98.06','5/22','97.73','14/26','下派','/','省部级项目主要参与人4项','权威刊物1篇，核心刊物2.5篇，其中EI收录2篇，ISTP收录1篇','6.5','合格/合格/合格/优秀/优秀','1.5年：06年湖州/12年北京半年','7/7','',NULL,NULL,'2014-01-15 13:03:33',NULL,'2014-01-15 13:03:33','1'),(223,'2014','20051031','孙先伟','1004',30,'女','1972.08','中共','研究生/在职','博士','中国人民大学/2012.06','中国古代史','讲师/2001.07','副教授','国保','81.8','297','95.97','28/32','98.50','6/33','下派','/','97.60','20/22','国家级项目主持人1项、主要参与人1项，省部级项目主要参与人4项','核心刊物5篇','48.8','优秀/合格/合格/合格/合格','2.5年：05年公安部/00年北京02年青岛11年廊坊各半年','9/9','',NULL,NULL,'2014-01-15 13:03:33',NULL,'2014-01-15 13:03:33','1'),(224,'2014','20051032','胡隽','1006',31,'女','1979.04','中共','研究生','博士','武汉大学/2006.06','刑法学','讲师/2006.07','副教授','犯罪学','75.6','219.2','96.75','32/37','98.57','7/35','98.84','5/41','下派','/','省部级项目主持人1项、主要参与人1项','核心刊物8篇，其中社科文摘1篇，人大报刊复印资料1篇，EI1篇','22','合格/优秀/合格/合格/优秀','1.5年：08年湖州/12年保定半年','9/9','辅导员',NULL,NULL,'2014-01-15 13:03:33',NULL,'2014-01-15 13:03:33','1'),(225,'2014','20051033','谢丽丽','1006',32,'女','1973.05','中共','研究生','硕士','首都师范大学/1999.06','教育心理学','讲师/2001.07','副教授','犯罪学','60.5','221.853','97.69','19/37','96.72','29/35','98.82','6/41','99.00','1/35','','核心刊物5.5篇','69.7','合格/合格/合格/合格/合格','2年：01年合肥/07年天津','9/9','',NULL,NULL,'2014-01-15 13:03:33',NULL,'2014-01-15 13:03:33','1'),(226,'2014','20051034','刘君玲','1006',33,'女','1970.1',' ','研究生','博士','东北师范大学/1999.06','世界史','讲师/1999.07','副教授','犯罪学','56.2','260.737','/','/','/','/','98.51','17/41','98.70','21/35','','核心刊物3篇','27.1','合格/合格/合格/合格/合格','1.5年：07年天津/02年北京半年','8/9','',NULL,NULL,'2014-01-15 13:03:33',NULL,'2014-01-15 13:03:33','1'),(227,'2014','20051035','王二院','1010',34,'男','1972.05','中共','研究生','博士','中国科学院/2006.06','管理科学工程','讲师/2006.07','副教授','公安管理','51','411.6','97.73','12/26','97.78','18/21','98.06','25/32','98.43','20/21','国家级项目主要参与人1项','核心刊物3.3篇','9','合格/合格/合格/合格/合格','1年：07年天津','7/7','援藏，辅导员',NULL,NULL,'2014-01-15 13:03:33',NULL,'2014-01-15 13:03:33','1'),(228,'2014','20051036','徐丹丹','1010',35,'女','1978.08','中共','研究生','博士','中国人民大学/2005.06','科学社会主义','讲师/2005.07','副教授','公安管理','53.3','286.286','96.01','19/32','97.60','21/30','96.66','14/21','下派','/','省部级项目主要参与人1项','核心刊物5篇','3.5','合格/合格/合格/合格/合格','1.5年：05年天津/12年北京半年','7/7','辅导员',NULL,NULL,'2014-01-15 13:03:33',NULL,'2014-01-15 13:03:33','1'),(229,'2014','20051037','韩春梅','1010',36,'女','1974.06','','研究生','硕士','首都师范大学/2005.06','教育学','讲师/2007.07','副教授','公安管理','64','237.333','97.15','11/32','97.62','20/30','下派','/','下派','/','省部级项目主要参与人4项','核心刊物8篇','15.5','合格/合格/合格/优秀/合格','1年：11年北京','7/7','',NULL,NULL,'2014-01-15 13:03:33',NULL,'2014-01-15 13:03:33','1'),(230,'2014','20051038','樊守政','1008',37,'男','1974.03','中共','研究生','硕士','成都体育学院/2005.06','民族传统体育','讲师/2006.07','副教授','警务指挥与战术','63.5','509.5','96.10','40/44','97.87','28/46','97.60','32/39','98.28','32/36','省部级项目主持人1项、主要参与人1项','核心刊物3篇','','合格/合格/优秀/优秀/优秀','1年：07年秦皇岛','7/7','辅导员',NULL,NULL,'2014-01-15 13:03:33',NULL,'2014-01-15 13:03:33','1'),(231,'2014','20051039','刘兆','1011',38,'男','1974.06','','研究生','博士','日本福冈大学/2005.03','社会医学','讲师/2006.06','副教授','法医学','66.6','197.714','辅导员','/','99.00','1/22','辅导员','/','辅导员','/','省部级项目主持人1项、主要参与人1项','核心刊物7篇','33.5','合格/合格/合格/合格/合格','1年：07年秦皇岛','9/9','辅导员',NULL,NULL,'2014-01-15 13:03:33',NULL,'2014-01-15 13:03:33','1'),(232,'2014','20051040','郑涛','1013',39,'男','1974.12','中共','本科','学士','警官大学/1997.06','通信工程','讲师/2002.07','副教授','安全防范','79.5','325.294','98.91','4/21','99.00','1/16','99.00','1/28','下派','/','省部级项目主要参与人1项','核心刊物6.6篇','31','合格/合格/合格/优秀/合格','1年：07年秦皇岛12年北京各半年','7/7','',NULL,NULL,'2014-01-15 13:03:33',NULL,'2014-01-15 13:03:33','1'),(233,'2014','20051041','赵兴涛','1013',40,'男','1972.02','中共','研究生 /在职','硕士','英国爱丁堡大学/2007.09','人工智能','讲师/2001.07','副教授','安全防范','66.7','191.067','98.07','16/21','99.00','1/16','98.14','23/28','98.99','14/23','省部级项目主要参与人3项','核心刊物3.3篇，其中EI收录1篇','43.8','合格/合格/合格/合格/合格','2.5年：02、04年维和/09年烟台半年','5/7','',NULL,NULL,'2014-01-15 13:03:33',NULL,'2014-01-15 13:03:33','1'),(234,'2014','20051042','张建岭','1009',41,'男','1965.1','','本科','硕士 /在职','成都电讯工院/1987.06','无线电技术','讲师/1992.12','副教授','信息安全','54.9','312.691','97.52','15/24','/','/','96.39','29/34','下派','/','省部级项目主要参与人3项','核心刊物3.6篇','4','合格/合格/合格/合格/合格','1.4年：99年济南12年石家庄各半年/11年带队实习3个月/08年带队实习2个月','7/7','98北工大计算机应用硕',NULL,NULL,'2014-01-15 13:03:33',NULL,'2014-01-15 13:03:33','1'),(235,'2014','20051043','杜治国','1013',42,'男','1977.12','中共','本科','硕士  /在职','公安大学/1999.06','通信工程','工程师/2004.12','高级实验师','实验','74.7','','','','','','','','','','省部级项目主要参与人1项','核心刊物3篇','','合格/合格/合格/合格/合格','安防实验室','6/7','07北邮信息与通信系统硕',NULL,NULL,'2014-01-15 13:03:33',NULL,'2014-01-15 13:03:33','1'),(236,'2014','20051044','高航','1014',43,'男','1973.11','中共','本科','学士','警官大学/1996.06','图像传输处理','助理研究员/2001.07','副研究员','教育管理','77.4','','','','','','','','','','省部级项目主要参与人2项','核心刊物5.5篇','','合格/优秀/合格/优秀/合格','实践教学科科长','7/7','',NULL,NULL,'2014-01-15 13:03:33',NULL,'2014-01-15 13:03:33','1'),(237,'2014','20051045','孙永生','1015',44,'男','1978.11','中共','本科','学士','公安大学/2000.06','法语','助理研究员/2006.07（资格）','副研究员','教育管理','74.1','','','','','','','','','','省部级项目主要参与人1项','核3.5篇','10','合格/合格/合格/合格/合格','警训研究室','7/7','',NULL,NULL,'2014-01-15 13:03:33',NULL,'2014-01-15 13:03:33','1'),(238,'2014','20051046','郑英力','1016',45,'女','1971.05','','研究生','硕士','吉林工业大学/2000.06','交通运输规划','讲师/2002.07','副研究员','教育管理','78.1','','','','','','','','','','国家级项目主要参与人1项，省部级项目主要参与人1项','权威刊物1篇，核心刊物4.2篇，其中EI收录2篇','','合格/合格/合格/合格/合格','教务管理','7/7','辅导员',NULL,NULL,'2014-01-15 13:03:33',NULL,'2014-01-15 13:03:33','1'),(239,'2014','20051047','孔繁燕','1017',46,'女','1972.03','','本科','学士','内蒙古大学艺术学院/1998.06','演唱','助理研究员/2004.12','副研究员','教育管理','78.6','','','','','','','','','','','核心刊物3.5篇','','合格/合格/合格/合格/合格','团委','7/7','',NULL,NULL,'2014-01-15 13:03:33',NULL,'2014-01-15 13:03:33','1'),(240,'2014','20051048','程文亮','1017',47,'男','1978.12','中共','研究生','硕士','公安大学/2004.06','行政管理','讲师/2006.07','副研究员','教育管理','88.6','','','','','','','','','','省部级项目主持人1项，省部级项目主要参与人3项','核心刊物3篇','','优秀/优秀/合格/合格/合格','中队长','7/7','',NULL,NULL,'2014-01-15 13:03:33',NULL,'2014-01-15 13:03:33','1'),(241,'2014','20051049','王欣','1012',48,'女','1976.12','中共','本科','硕士  /在职','公安大学/1999.06','通信工程','实验师/2005.12','副研究馆员','图书','78','','','','','','','','','','省部级项目主要参与人3项','核心刊物5篇','','合格/优秀/合格/合格/ 合格','信息咨询部副主任','6/7','06中科院通信信息硕',NULL,NULL,'2014-01-15 13:03:33',NULL,'2014-01-15 13:03:33','1'),(242,'2014','20051050','徐志红','1018',49,'女','1961.1','','大专','硕士','哈尔滨师专/1981.06','英语','副编审/2002.01','副教授','交通管理','74.7','','','','','','','','','','','核心刊物0.5篇','','合格/合格/合格/合格/合格','1年：11年廊坊','','99年瑞典律利欧科技大学人机工程硕',NULL,NULL,'2014-01-15 13:03:33',NULL,'2014-01-15 13:03:33','1'),(243,'2014','20051051','张吉春','1019',50,'男','1959.04','中共','本科','学士','国际政治学院/1983.06','无线电技术','副教授/1999.09','副研究员','教育管理','77.4','','','','','','','','','','省部级项目主持人1项、主要参与人2项','核心刊物7篇','10','合格/合格/合格/合格/合格','','','',NULL,NULL,'2014-01-15 13:03:33',NULL,'2014-01-15 13:03:33','1'),(244,'2014','20051052','马永祥','1101',51,'男','1977.03','','研究生','硕士','郑州大学/2010.07','民商法学','讲师/2007.10','副教授','侦查','2002.04','','','','','','','','','','','','','合格','符合','9/9','',NULL,NULL,'2014-01-15 13:03:33',NULL,'2014-01-15 13:03:33','1'),(245,'2014','20051053','左琳','1101',52,'女','1977.01','','本科','硕士','郑州大学/2001.07','高分子材料与工程','讲师/2007.10','副教授','公安交通管理','2002.05','','','','','','','','','','','','','优秀','符合','7/7','08年郑州大学材料学硕',NULL,NULL,'2014-01-15 13:03:33',NULL,'2014-01-15 13:03:33','1'),(246,'2014','20051054','庄海燕','1101',53,'女','1976.05','','研究生','硕士','郑州大学/2006.07','计算机应用','讲师/2007.10','副教授','网络信息安全监察','2006.07','','','','','','','','','','','','','优秀','符合','7/7','',NULL,NULL,'2014-01-15 13:03:33',NULL,'2014-01-15 13:03:33','1'),(247,'2014','20051055','杨雪','1101',54,'女','1980.02','','本科','硕士','郑州大学/2002.06','法学','讲师/2007.10','副教授','法学','2002.07','','','','','','','','','','','','','合格','符合','7/7','08年中国政法大学法学硕',NULL,NULL,'2014-01-15 13:03:33',NULL,'2014-01-15 13:03:33','1'),(248,'2014','20051056','李波','1102',55,'男','1974.10','','本科','硕士','公安大学/2000.07','汉语言文学','讲师/2006.09','副教授','治安学','1995.07','','','','','','','','','','','','','合格','符合','6/7','06年公大管理学硕',NULL,NULL,'2014-01-15 13:03:33',NULL,'2014-01-15 13:03:33','1'),(249,'2014','20051057','王浩','1103',56,'男','1976.09','','研究生','硕士','西安体育学院/2006.06','体育教育','讲师/2008.09','副教授','擒拿格斗','1999.07','','','','','','','','','','','','','合格','符合','7/7','',NULL,NULL,'2014-01-15 13:03:33',NULL,'2014-01-15 13:03:33','1'),(250,'2014','20051058','钟东荣','1103',57,'男','1972.1','','本科','','北京自修大学/2005.07','工商企业管理','实验师/2005.09','高级实验师','刑事技术','1993.07','','','','','','','','','','','','','合格','符合','9/9','',NULL,NULL,'2014-01-15 13:03:33',NULL,'2014-01-15 13:03:33','1'),(251,'2014','20051059','程艳','1103',58,'女','1979.05','','研究生','硕士','中山大学/2005.06','光学','讲师/2007.09','副教授','刑事技术','2005.07','','','','','','','','','','','','','合格','符合','9/9','',NULL,NULL,'2014-01-15 13:03:33',NULL,'2014-01-15 13:03:33','1'),(252,'2014','20051060','潘惠敏','1103',59,'女','1970.07','','本科','硕士','河南财经学院/1997.06','会计学','讲师/2005.09','副教授','经济犯罪侦查','1992.07','','','','','','','','','','','','','合格','符合','9/9','09年暨南大学会计学硕',NULL,NULL,'2014-01-15 13:03:34',NULL,'2014-01-15 13:03:34','1'),(253,'2014','20051061','黄新伟','1103',60,'男','1980.05','','研究生','硕士','中南大学/2005.06','行政管理','讲师/2007.09','副教授','公安管理','2005.07','','','','','','','','','','','','','合格','符合','6/7','',NULL,NULL,'2014-01-15 13:03:34',NULL,'2014-01-15 13:03:34','1'),(254,'2014','20051062','廖广军','1103',61,'男','1981.02','','研究生','硕士','华南理工大学/2006.06','模式识别与智能系统','讲师/2008.09','副教授','刑事技术','2006.07','','','','','','','','','','','','','合格','符合','8/9','',NULL,NULL,'2014-01-15 13:03:34',NULL,'2014-01-15 13:03:34','1'),(255,'2014','20051063','覃进标','1104',62,'男','1973.07','','本科','学士','公安大学/1996.07','警察管理','讲师/2001.12','副教授','公安学基础理论','1996.07','','','','','','','','','','','','','优秀','符合','7/7','',NULL,NULL,'2014-01-15 13:03:34',NULL,'2014-01-15 13:03:34','1'),(256,'2014','20051064','赵桂生','1104',63,'男','1955.12','','本科','','广西师范大学/1978.08','化学','讲师/1985.06','副教授','理化检验','1973.06','','','','','','','','','','','','','合格','免试','9/9','',NULL,NULL,'2014-01-15 13:03:34',NULL,'2014-01-15 13:03:34','1');
/*!40000 ALTER TABLE `teacher_info` ENABLE KEYS */;
UNLOCK TABLES;

--
-- Table structure for table `teacher_score`
--

DROP TABLE IF EXISTS `teacher_score`;
/*!40101 SET @saved_cs_client     = @@character_set_client */;
/*!40101 SET character_set_client = utf8 */;
CREATE TABLE `teacher_score` (
  `Key_ID` int(11) NOT NULL AUTO_INCREMENT COMMENT '主键ID',
  `Year` varchar(4) DEFAULT NULL COMMENT '年度',
  `User_No` varchar(20) DEFAULT NULL COMMENT '工号',
  `Total_Score` decimal(4,1) DEFAULT NULL COMMENT '总分',
  `Score01` decimal(4,1) DEFAULT NULL COMMENT '评分1',
  `Score02` decimal(4,1) DEFAULT NULL COMMENT '评分2',
  `Score03` decimal(4,1) DEFAULT NULL COMMENT '评分3',
  `Score04` decimal(4,1) DEFAULT NULL COMMENT '评分4',
  `Score05` decimal(4,1) DEFAULT NULL COMMENT '评分5',
  `Score06` decimal(4,1) DEFAULT NULL COMMENT '评分6',
  `Score07` decimal(4,1) DEFAULT NULL COMMENT '评分7',
  `Score08` decimal(4,1) DEFAULT NULL COMMENT '评分8',
  `Score09` decimal(4,1) DEFAULT NULL COMMENT '评分9',
  `Score10` decimal(4,1) DEFAULT NULL COMMENT '评分10',
  `Score11` decimal(4,1) DEFAULT NULL COMMENT '评分11',
  `Score12` decimal(4,1) DEFAULT NULL COMMENT '评分12',
  `Score13` decimal(4,1) DEFAULT NULL COMMENT '评分13',
  `Score14` decimal(4,1) DEFAULT NULL COMMENT '评分14',
  `Score15` decimal(4,1) DEFAULT NULL COMMENT '评分15',
  `Create_User_ID` varchar(20) DEFAULT NULL COMMENT '创建人',
  `Create_Date_Time` datetime DEFAULT NULL COMMENT '创建时间',
  `Modify_User_ID` varchar(20) DEFAULT NULL COMMENT '最后修改人',
  `Modify_Date_Time` datetime DEFAULT NULL COMMENT '最后修改时间',
  `Delete_Flag` char(1) DEFAULT NULL COMMENT '删除标记（1有效、2无效）',
  PRIMARY KEY (`Key_ID`)
) ENGINE=InnoDB AUTO_INCREMENT=193 DEFAULT CHARSET=utf8;
/*!40101 SET character_set_client = @saved_cs_client */;

--
-- Dumping data for table `teacher_score`
--

LOCK TABLES `teacher_score` WRITE;
/*!40000 ALTER TABLE `teacher_score` DISABLE KEYS */;
INSERT INTO `teacher_score` VALUES (97,'2013','20051002',70.7,100.0,63.1,25.1,25.0,5.0,8.0,71.7,41.7,30.0,0.0,0.0,0.5,0.5,0.0,NULL,NULL,'2013-09-26 10:45:55',NULL,'2013-09-26 10:45:55','1'),(98,'2013','20051003',67.2,98.0,84.3,22.3,27.0,15.0,20.0,37.0,5.0,30.0,2.0,0.0,0.4,0.4,0.0,NULL,NULL,'2013-09-26 10:45:55',NULL,'2013-09-26 10:45:55','1'),(99,'2013','20051004',72.8,100.0,68.9,26.9,27.0,15.0,0.0,70.0,30.0,30.0,0.0,10.0,0.3,0.3,0.0,NULL,NULL,'2013-09-26 10:45:55',NULL,'2013-09-26 10:45:55','1'),(100,'2013','20051005',85.5,97.5,83.4,27.4,26.0,10.0,20.0,85.0,40.0,30.0,5.0,10.0,0.0,0.0,0.0,NULL,NULL,'2013-09-26 10:45:55',NULL,'2013-09-26 10:45:55','1'),(101,'2013','20051006',81.9,96.0,78.1,26.1,28.0,15.0,9.0,83.0,40.0,30.0,3.0,10.0,0.0,0.0,0.0,NULL,NULL,'2013-09-26 10:45:55',NULL,'2013-09-26 10:45:55','1'),(102,'2013','20051007',88.7,97.0,86.0,28.0,23.0,15.0,20.0,89.1,39.0,30.0,12.1,8.0,0.3,0.3,0.0,NULL,NULL,'2013-09-26 10:45:55',NULL,'2013-09-26 10:45:55','1'),(103,'2013','20051008',75.7,100.0,68.6,28.6,24.0,8.0,8.0,77.3,38.3,30.0,1.0,8.0,0.4,0.4,0.0,NULL,NULL,'2013-09-26 10:45:55',NULL,'2013-09-26 10:45:55','1'),(104,'2013','20051009',73.8,98.0,76.0,30.0,27.0,5.0,14.0,65.0,15.0,30.0,10.0,10.0,0.0,0.0,0.0,NULL,NULL,'2013-09-26 10:45:55',NULL,'2013-09-26 10:45:55','1'),(105,'2013','20051010',89.5,98.3,95.0,30.0,30.0,15.0,20.0,80.0,40.0,30.0,0.0,10.0,0.2,0.2,0.0,NULL,NULL,'2013-09-26 10:45:55',NULL,'2013-09-26 10:45:55','1'),(106,'2013','20051011',85.8,98.7,86.5,24.5,27.0,15.0,20.0,81.5,40.0,30.0,1.5,10.0,0.1,0.1,0.0,NULL,NULL,'2013-09-26 10:45:55',NULL,'2013-09-26 10:45:55','1'),(107,'2013','20051012',73.2,98.6,68.3,20.3,27.0,15.0,6.0,72.3,40.0,30.0,2.3,0.0,0.3,0.3,0.0,NULL,NULL,'2013-09-26 10:45:55',NULL,'2013-09-26 10:45:55','1'),(108,'2013','20051013',73.3,98.6,63.4,18.4,30.0,15.0,0.0,79.3,40.0,30.0,1.3,8.0,0.0,0.0,0.0,NULL,NULL,'2013-09-26 10:45:55',NULL,'2013-09-26 10:45:55','1'),(109,'2013','20051014',70.7,97.0,64.3,19.3,27.0,10.0,8.0,72.0,32.0,30.0,10.0,0.0,0.0,0.0,0.0,NULL,NULL,'2013-09-26 10:45:55',NULL,'2013-09-26 10:45:55','1'),(110,'2013','20051015',64.5,94.0,54.2,27.2,22.0,5.0,0.0,70.0,40.0,30.0,0.0,0.0,0.0,0.0,0.0,NULL,NULL,'2013-09-26 10:45:55',NULL,'2013-09-26 10:45:55','1'),(111,'2013','20051016',82.3,100.0,78.0,30.0,23.0,5.0,20.0,83.0,40.0,30.0,5.0,8.0,0.1,0.1,0.0,NULL,NULL,'2013-09-26 10:45:55',NULL,'2013-09-26 10:45:55','1'),(112,'2013','20051017',60.7,96.7,69.0,30.0,29.0,0.0,10.0,41.7,11.7,30.0,0.0,0.0,-0.2,0.0,0.2,NULL,NULL,'2013-09-26 10:45:55',NULL,'2013-09-26 10:45:55','1'),(113,'2013','20051018',69.4,98.3,65.4,27.4,30.0,0.0,8.0,65.0,20.0,30.0,5.0,10.0,0.9,0.9,0.0,NULL,NULL,'2013-09-26 10:45:55',NULL,'2013-09-26 10:45:55','1'),(114,'2013','20051019',92.6,99.0,97.0,30.0,32.0,15.0,20.0,80.5,40.0,30.0,2.5,8.0,2.0,2.0,0.0,NULL,NULL,'2013-09-26 10:45:55',NULL,'2013-09-26 10:45:55','1'),(115,'2013','20051020',87.7,98.0,93.0,30.0,28.0,15.0,20.0,77.0,39.0,30.0,0.0,8.0,0.6,0.6,0.0,NULL,NULL,'2013-09-26 10:45:55',NULL,'2013-09-26 10:45:55','1'),(116,'2013','20051021',85.2,100.0,100.0,0.0,0.0,0.0,0.0,63.0,28.0,30.0,5.0,0.0,0.0,0.0,0.0,NULL,NULL,'2013-09-26 10:45:55',NULL,'2013-09-26 10:45:55','1'),(117,'2013','20051022',53.8,100.0,63.6,28.6,35.0,0.0,0.0,30.0,0.0,30.0,0.0,0.0,0.0,0.0,0.0,NULL,NULL,'2013-09-26 10:45:55',NULL,'2013-09-26 10:45:55','1'),(118,'2013','20051023',59.0,100.0,72.5,23.5,29.0,0.0,20.0,31.0,5.0,24.0,2.0,0.0,0.3,0.3,0.0,NULL,NULL,'2013-09-26 10:45:55',NULL,'2013-09-26 10:45:55','1'),(119,'2013','20051024',59.9,100.0,72.6,24.6,30.0,0.0,18.0,34.0,4.0,30.0,0.0,0.0,0.0,0.0,0.0,NULL,NULL,'2013-09-26 10:45:55',NULL,'2013-09-26 10:45:55','1'),(120,'2013','20051025',58.8,100.0,73.6,28.6,25.0,0.0,20.0,30.0,0.0,30.0,0.0,0.0,0.0,0.0,0.0,NULL,NULL,'2013-09-26 10:45:55',NULL,'2013-09-26 10:45:55','1'),(121,'2013','20051026',61.6,98.0,61.6,27.6,26.0,0.0,8.0,51.7,21.7,30.0,0.0,0.0,0.3,0.3,0.0,NULL,NULL,'2013-09-26 10:45:55',NULL,'2013-09-26 10:45:55','1'),(122,'2013','20051027',71.1,98.0,66.0,26.0,26.0,8.0,6.0,70.0,40.0,30.0,0.0,0.0,0.3,0.3,0.0,NULL,NULL,'2013-09-26 10:45:55',NULL,'2013-09-26 10:45:55','1'),(123,'2013','20051028',47.0,98.0,46.2,21.2,25.0,0.0,0.0,35.3,10.0,25.3,0.0,0.0,0.0,0.0,0.0,NULL,NULL,'2013-09-26 10:45:55',NULL,'2013-09-26 10:45:55','1'),(124,'2013','20051029',46.4,98.0,48.3,22.3,26.0,0.0,0.0,30.0,0.0,30.0,0.0,0.0,0.4,0.4,0.0,NULL,NULL,'2013-09-26 10:45:55',NULL,'2013-09-26 10:45:55','1'),(125,'2013','20051030',79.8,100.0,88.1,23.1,30.0,15.0,20.0,63.7,29.7,30.0,0.0,4.0,0.3,0.3,0.0,NULL,NULL,'2013-09-26 10:45:55',NULL,'2013-09-26 10:45:55','1'),(126,'2013','20051031',81.8,96.3,78.0,30.0,25.0,3.0,20.0,83.0,40.0,30.0,3.0,10.0,0.0,0.0,0.0,NULL,NULL,'2013-09-26 10:45:55',NULL,'2013-09-26 10:45:55','1'),(127,'2013','20051032',75.6,98.4,69.3,24.3,30.0,15.0,0.0,77.5,35.0,30.0,12.5,0.0,0.1,0.1,0.0,NULL,NULL,'2013-09-26 10:45:55',NULL,'2013-09-26 10:45:55','1'),(128,'2013','20051033',60.5,97.6,73.5,24.5,30.0,3.0,16.0,35.0,0.0,30.0,5.0,0.0,0.0,0.0,0.0,NULL,NULL,'2013-09-26 10:45:55',NULL,'2013-09-26 10:45:55','1'),(129,'2013','20051034',56.2,98.3,70.7,27.7,27.0,5.0,11.0,27.0,0.0,26.5,0.5,0.0,0.2,0.2,0.0,NULL,NULL,'2013-09-26 10:45:55',NULL,'2013-09-26 10:45:55','1'),(130,'2013','20051035',51.0,96.3,54.0,30.0,24.0,0.0,0.0,35.7,5.7,30.0,0.0,0.0,0.1,0.1,0.0,NULL,NULL,'2013-09-26 10:45:55',NULL,'2013-09-26 10:45:55','1'),(131,'2013','20051036',53.3,95.1,59.9,29.9,24.0,0.0,6.0,34.0,4.0,30.0,0.0,0.0,0.2,0.2,0.0,NULL,NULL,'2013-09-26 10:45:55',NULL,'2013-09-26 10:45:55','1'),(132,'2013','20051037',64.0,96.1,52.8,25.8,24.0,3.0,0.0,70.0,40.0,30.0,0.0,0.0,0.0,0.0,0.0,NULL,NULL,'2013-09-26 10:45:55',NULL,'2013-09-26 10:45:55','1'),(133,'2013','20051038',63.5,100.0,58.0,30.0,23.0,5.0,0.0,61.0,29.0,30.0,2.0,0.0,0.1,0.1,0.0,NULL,NULL,'2013-09-26 10:45:55',NULL,'2013-09-26 10:45:55','1'),(134,'2013','20051039',66.6,98.0,65.5,22.5,30.0,5.0,8.0,59.0,29.0,30.0,0.0,0.0,0.4,0.4,0.0,NULL,NULL,'2013-09-26 10:45:55',NULL,'2013-09-26 10:45:55','1'),(135,'2013','20051040',79.5,99.0,91.0,30.0,33.0,8.0,20.0,60.0,20.0,30.0,0.0,10.0,0.1,0.1,0.0,NULL,NULL,'2013-09-26 10:45:55',NULL,'2013-09-26 10:45:55','1'),(136,'2013','20051041',66.7,98.0,57.9,21.9,26.0,5.0,5.0,69.0,39.0,30.0,0.0,0.0,0.3,0.3,0.0,NULL,NULL,'2013-09-26 10:45:55',NULL,'2013-09-26 10:45:55','1'),(137,'2013','20051042',54.9,99.6,56.0,30.0,26.0,0.0,0.0,41.8,17.0,24.8,0.0,0.0,0.2,0.2,0.0,NULL,NULL,'2013-09-26 10:45:55',NULL,'2013-09-26 10:45:55','1'),(138,'2013','20051043',25.7,97.0,98.0,0.0,0.0,0.0,0.0,40.0,20.0,20.0,0.0,0.0,0.0,0.0,0.0,NULL,NULL,'2013-09-26 10:45:55',NULL,'2013-09-26 10:45:55','1'),(139,'2013','20051044',27.8,99.3,99.3,0.0,0.0,0.0,0.0,43.3,5.0,30.0,8.3,0.0,0.5,0.5,0.0,NULL,NULL,'2013-09-26 10:45:55',NULL,'2013-09-26 10:45:55','1'),(140,'2013','20051045',24.1,100.0,100.0,0.0,0.0,0.0,0.0,34.0,4.0,30.0,0.0,0.0,0.5,0.5,0.0,NULL,NULL,'2013-09-26 10:45:55',NULL,'2013-09-26 10:45:55','1'),(141,'2013','20051046',78.1,98.4,97.0,0.0,0.0,0.0,0.0,49.0,19.0,30.0,0.0,0.0,0.1,0.1,0.0,NULL,NULL,'2013-09-26 10:45:55',NULL,'2013-09-26 10:45:55','1'),(142,'2013','20051047',28.6,100.0,100.0,0.0,0.0,0.0,0.0,45.0,0.0,30.0,15.0,0.0,0.6,0.6,0.0,NULL,NULL,'2013-09-26 10:45:55',NULL,'2013-09-26 10:45:55','1'),(143,'2013','20051048',38.6,100.0,100.0,0.0,0.0,0.0,0.0,68.0,40.0,27.0,1.0,0.0,1.4,1.4,0.0,NULL,NULL,'2013-09-26 10:45:55',NULL,'2013-09-26 10:45:55','1'),(144,'2013','20051049',28.5,100.0,99.0,0.0,0.0,0.0,0.0,45.7,15.7,30.0,0.0,0.0,0.2,0.2,0.0,NULL,NULL,'2013-09-26 10:45:55',NULL,'2013-09-26 10:45:55','1'),(145,'2014','20051002',70.7,100.0,63.1,25.1,25.0,5.0,8.0,71.7,41.7,30.0,0.0,0.0,0.5,0.5,0.0,NULL,NULL,'2014-01-15 13:03:56',NULL,'2014-01-15 13:03:56','1'),(146,'2014','20051003',67.2,98.0,84.3,22.3,27.0,15.0,20.0,37.0,5.0,30.0,2.0,0.0,0.4,0.4,0.0,NULL,NULL,'2014-01-15 13:03:56',NULL,'2014-01-15 13:03:56','1'),(147,'2014','20051004',72.8,100.0,68.9,26.9,27.0,15.0,0.0,70.0,30.0,30.0,0.0,10.0,0.3,0.3,0.0,NULL,NULL,'2014-01-15 13:03:56',NULL,'2014-01-15 13:03:56','1'),(148,'2014','20051005',85.5,97.5,83.4,27.4,26.0,10.0,20.0,85.0,40.0,30.0,5.0,10.0,0.0,0.0,0.0,NULL,NULL,'2014-01-15 13:03:57',NULL,'2014-01-15 13:03:57','1'),(149,'2014','20051006',81.9,96.0,78.1,26.1,28.0,15.0,9.0,83.0,40.0,30.0,3.0,10.0,0.0,0.0,0.0,NULL,NULL,'2014-01-15 13:03:57',NULL,'2014-01-15 13:03:57','1'),(150,'2014','20051007',88.7,97.0,86.0,28.0,23.0,15.0,20.0,89.1,39.0,30.0,12.1,8.0,0.3,0.3,0.0,NULL,NULL,'2014-01-15 13:03:57',NULL,'2014-01-15 13:03:57','1'),(151,'2014','20051008',75.7,100.0,68.6,28.6,24.0,8.0,8.0,77.3,38.3,30.0,1.0,8.0,0.4,0.4,0.0,NULL,NULL,'2014-01-15 13:03:57',NULL,'2014-01-15 13:03:57','1'),(152,'2014','20051009',73.8,98.0,76.0,30.0,27.0,5.0,14.0,65.0,15.0,30.0,10.0,10.0,0.0,0.0,0.0,NULL,NULL,'2014-01-15 13:03:57',NULL,'2014-01-15 13:03:57','1'),(153,'2014','20051010',89.5,98.3,95.0,30.0,30.0,15.0,20.0,80.0,40.0,30.0,0.0,10.0,0.2,0.2,0.0,NULL,NULL,'2014-01-15 13:03:57',NULL,'2014-01-15 13:03:57','1'),(154,'2014','20051011',85.8,98.7,86.5,24.5,27.0,15.0,20.0,81.5,40.0,30.0,1.5,10.0,0.1,0.1,0.0,NULL,NULL,'2014-01-15 13:03:57',NULL,'2014-01-15 13:03:57','1'),(155,'2014','20051012',73.2,98.6,68.3,20.3,27.0,15.0,6.0,72.3,40.0,30.0,2.3,0.0,0.3,0.3,0.0,NULL,NULL,'2014-01-15 13:03:57',NULL,'2014-01-15 13:03:57','1'),(156,'2014','20051013',73.3,98.6,63.4,18.4,30.0,15.0,0.0,79.3,40.0,30.0,1.3,8.0,0.0,0.0,0.0,NULL,NULL,'2014-01-15 13:03:57',NULL,'2014-01-15 13:03:57','1'),(157,'2014','20051014',70.7,97.0,64.3,19.3,27.0,10.0,8.0,72.0,32.0,30.0,10.0,0.0,0.0,0.0,0.0,NULL,NULL,'2014-01-15 13:03:57',NULL,'2014-01-15 13:03:57','1'),(158,'2014','20051015',64.5,94.0,54.2,27.2,22.0,5.0,0.0,70.0,40.0,30.0,0.0,0.0,0.0,0.0,0.0,NULL,NULL,'2014-01-15 13:03:57',NULL,'2014-01-15 13:03:57','1'),(159,'2014','20051016',82.3,100.0,78.0,30.0,23.0,5.0,20.0,83.0,40.0,30.0,5.0,8.0,0.1,0.1,0.0,NULL,NULL,'2014-01-15 13:03:57',NULL,'2014-01-15 13:03:57','1'),(160,'2014','20051017',60.7,96.7,69.0,30.0,29.0,0.0,10.0,41.7,11.7,30.0,0.0,0.0,-0.2,0.0,0.2,NULL,NULL,'2014-01-15 13:03:57',NULL,'2014-01-15 13:03:57','1'),(161,'2014','20051018',69.4,98.3,65.4,27.4,30.0,0.0,8.0,65.0,20.0,30.0,5.0,10.0,0.9,0.9,0.0,NULL,NULL,'2014-01-15 13:03:57',NULL,'2014-01-15 13:03:57','1'),(162,'2014','20051019',92.6,99.0,97.0,30.0,32.0,15.0,20.0,80.5,40.0,30.0,2.5,8.0,2.0,2.0,0.0,NULL,NULL,'2014-01-15 13:03:57',NULL,'2014-01-15 13:03:57','1'),(163,'2014','20051020',87.7,98.0,93.0,30.0,28.0,15.0,20.0,77.0,39.0,30.0,0.0,8.0,0.6,0.6,0.0,NULL,NULL,'2014-01-15 13:03:57',NULL,'2014-01-15 13:03:57','1'),(164,'2014','20051021',85.2,100.0,100.0,0.0,0.0,0.0,0.0,63.0,28.0,30.0,5.0,0.0,0.0,0.0,0.0,NULL,NULL,'2014-01-15 13:03:57',NULL,'2014-01-15 13:03:57','1'),(165,'2014','20051022',53.8,100.0,63.6,28.6,35.0,0.0,0.0,30.0,0.0,30.0,0.0,0.0,0.0,0.0,0.0,NULL,NULL,'2014-01-15 13:03:57',NULL,'2014-01-15 13:03:57','1'),(166,'2014','20051023',59.0,100.0,72.5,23.5,29.0,0.0,20.0,31.0,5.0,24.0,2.0,0.0,0.3,0.3,0.0,NULL,NULL,'2014-01-15 13:03:57',NULL,'2014-01-15 13:03:57','1'),(167,'2014','20051024',59.9,100.0,72.6,24.6,30.0,0.0,18.0,34.0,4.0,30.0,0.0,0.0,0.0,0.0,0.0,NULL,NULL,'2014-01-15 13:03:57',NULL,'2014-01-15 13:03:57','1'),(168,'2014','20051025',58.8,100.0,73.6,28.6,25.0,0.0,20.0,30.0,0.0,30.0,0.0,0.0,0.0,0.0,0.0,NULL,NULL,'2014-01-15 13:03:57',NULL,'2014-01-15 13:03:57','1'),(169,'2014','20051026',61.6,98.0,61.6,27.6,26.0,0.0,8.0,51.7,21.7,30.0,0.0,0.0,0.3,0.3,0.0,NULL,NULL,'2014-01-15 13:03:57',NULL,'2014-01-15 13:03:57','1'),(170,'2014','20051027',71.1,98.0,66.0,26.0,26.0,8.0,6.0,70.0,40.0,30.0,0.0,0.0,0.3,0.3,0.0,NULL,NULL,'2014-01-15 13:03:57',NULL,'2014-01-15 13:03:57','1'),(171,'2014','20051028',47.0,98.0,46.2,21.2,25.0,0.0,0.0,35.3,10.0,25.3,0.0,0.0,0.0,0.0,0.0,NULL,NULL,'2014-01-15 13:03:58',NULL,'2014-01-15 13:03:58','1'),(172,'2014','20051029',46.4,98.0,48.3,22.3,26.0,0.0,0.0,30.0,0.0,30.0,0.0,0.0,0.4,0.4,0.0,NULL,NULL,'2014-01-15 13:03:58',NULL,'2014-01-15 13:03:58','1'),(173,'2014','20051030',79.8,100.0,88.1,23.1,30.0,15.0,20.0,63.7,29.7,30.0,0.0,4.0,0.3,0.3,0.0,NULL,NULL,'2014-01-15 13:03:58',NULL,'2014-01-15 13:03:58','1'),(174,'2014','20051031',81.8,96.3,78.0,30.0,25.0,3.0,20.0,83.0,40.0,30.0,3.0,10.0,0.0,0.0,0.0,NULL,NULL,'2014-01-15 13:03:58',NULL,'2014-01-15 13:03:58','1'),(175,'2014','20051032',75.6,98.4,69.3,24.3,30.0,15.0,0.0,77.5,35.0,30.0,12.5,0.0,0.1,0.1,0.0,NULL,NULL,'2014-01-15 13:03:58',NULL,'2014-01-15 13:03:58','1'),(176,'2014','20051033',60.5,97.6,73.5,24.5,30.0,3.0,16.0,35.0,0.0,30.0,5.0,0.0,0.0,0.0,0.0,NULL,NULL,'2014-01-15 13:03:58',NULL,'2014-01-15 13:03:58','1'),(177,'2014','20051034',56.2,98.3,70.7,27.7,27.0,5.0,11.0,27.0,0.0,26.5,0.5,0.0,0.2,0.2,0.0,NULL,NULL,'2014-01-15 13:03:58',NULL,'2014-01-15 13:03:58','1'),(178,'2014','20051035',51.0,96.3,54.0,30.0,24.0,0.0,0.0,35.7,5.7,30.0,0.0,0.0,0.1,0.1,0.0,NULL,NULL,'2014-01-15 13:03:58',NULL,'2014-01-15 13:03:58','1'),(179,'2014','20051036',53.3,95.1,59.9,29.9,24.0,0.0,6.0,34.0,4.0,30.0,0.0,0.0,0.2,0.2,0.0,NULL,NULL,'2014-01-15 13:03:58',NULL,'2014-01-15 13:03:58','1'),(180,'2014','20051037',64.0,96.1,52.8,25.8,24.0,3.0,0.0,70.0,40.0,30.0,0.0,0.0,0.0,0.0,0.0,NULL,NULL,'2014-01-15 13:03:58',NULL,'2014-01-15 13:03:58','1'),(181,'2014','20051038',63.5,100.0,58.0,30.0,23.0,5.0,0.0,61.0,29.0,30.0,2.0,0.0,0.1,0.1,0.0,NULL,NULL,'2014-01-15 13:03:58',NULL,'2014-01-15 13:03:58','1'),(182,'2014','20051039',66.6,98.0,65.5,22.5,30.0,5.0,8.0,59.0,29.0,30.0,0.0,0.0,0.4,0.4,0.0,NULL,NULL,'2014-01-15 13:03:58',NULL,'2014-01-15 13:03:58','1'),(183,'2014','20051040',79.5,99.0,91.0,30.0,33.0,8.0,20.0,60.0,20.0,30.0,0.0,10.0,0.1,0.1,0.0,NULL,NULL,'2014-01-15 13:03:58',NULL,'2014-01-15 13:03:58','1'),(184,'2014','20051041',66.7,98.0,57.9,21.9,26.0,5.0,5.0,69.0,39.0,30.0,0.0,0.0,0.3,0.3,0.0,NULL,NULL,'2014-01-15 13:03:58',NULL,'2014-01-15 13:03:58','1'),(185,'2014','20051042',54.9,99.6,56.0,30.0,26.0,0.0,0.0,41.8,17.0,24.8,0.0,0.0,0.2,0.2,0.0,NULL,NULL,'2014-01-15 13:03:58',NULL,'2014-01-15 13:03:58','1'),(186,'2014','20051043',25.7,97.0,98.0,0.0,0.0,0.0,0.0,40.0,20.0,20.0,0.0,0.0,0.0,0.0,0.0,NULL,NULL,'2014-01-15 13:03:58',NULL,'2014-01-15 13:03:58','1'),(187,'2014','20051044',27.8,99.3,99.3,0.0,0.0,0.0,0.0,43.3,5.0,30.0,8.3,0.0,0.5,0.5,0.0,NULL,NULL,'2014-01-15 13:03:58',NULL,'2014-01-15 13:03:58','1'),(188,'2014','20051045',24.1,100.0,100.0,0.0,0.0,0.0,0.0,34.0,4.0,30.0,0.0,0.0,0.5,0.5,0.0,NULL,NULL,'2014-01-15 13:03:58',NULL,'2014-01-15 13:03:58','1'),(189,'2014','20051046',78.1,98.4,97.0,0.0,0.0,0.0,0.0,49.0,19.0,30.0,0.0,0.0,0.1,0.1,0.0,NULL,NULL,'2014-01-15 13:03:58',NULL,'2014-01-15 13:03:58','1'),(190,'2014','20051047',28.6,100.0,100.0,0.0,0.0,0.0,0.0,45.0,0.0,30.0,15.0,0.0,0.6,0.6,0.0,NULL,NULL,'2014-01-15 13:03:58',NULL,'2014-01-15 13:03:58','1'),(191,'2014','20051048',38.6,100.0,100.0,0.0,0.0,0.0,0.0,68.0,40.0,27.0,1.0,0.0,1.4,1.4,0.0,NULL,NULL,'2014-01-15 13:03:58',NULL,'2014-01-15 13:03:58','1'),(192,'2014','20051049',28.5,100.0,99.0,0.0,0.0,0.0,0.0,45.7,15.7,30.0,0.0,0.0,0.2,0.2,0.0,NULL,NULL,'2014-01-15 13:03:58',NULL,'2014-01-15 13:03:58','1');
/*!40000 ALTER TABLE `teacher_score` ENABLE KEYS */;
UNLOCK TABLES;
/*!40103 SET TIME_ZONE=@OLD_TIME_ZONE */;

/*!40101 SET SQL_MODE=@OLD_SQL_MODE */;
/*!40014 SET FOREIGN_KEY_CHECKS=@OLD_FOREIGN_KEY_CHECKS */;
/*!40014 SET UNIQUE_CHECKS=@OLD_UNIQUE_CHECKS */;
/*!40101 SET CHARACTER_SET_CLIENT=@OLD_CHARACTER_SET_CLIENT */;
/*!40101 SET CHARACTER_SET_RESULTS=@OLD_CHARACTER_SET_RESULTS */;
/*!40101 SET COLLATION_CONNECTION=@OLD_COLLATION_CONNECTION */;
/*!40111 SET SQL_NOTES=@OLD_SQL_NOTES */;

-- Dump completed on 2014-01-15 17:41:25
